id,sqm,room,type,price,description,agency,url,date
9721878,32.0,1.0,Tégla,39900000.0,"3 az 1-ben! Tökéletes befektetés, ahol a modern stílus, és a belvárosi életérzés találkozik. A NYUGATI TÉRHEZ KÖZEL, FELÚJÍTOTT, EMELETI LAKÁSOK ELADÓK!!! AZ V. KERÜLETBEN, ÚJ LIPÓTVÁROS kedvelt részén, kerültek kialakításra egy 30 m2-s, amerikai...",CDC Ingatlan IV.Ker. Szita Ingatlan Kft.,https://ingatlanok.hu/elado/lakas/budapest_v_ker/39-millio-ft;32-negyzetmeter;1-szoba;tegla-epitesu/9721878,2019-09-18
9729036,30.0,1.0,Tégla,37500000.0,"3 az 1-ben! Tökéletes befektetés, ahol a modern stílus, és a belvárosi életérzés találkozik. A NYUGATI TÁRHEZ KÖZEL, FELÚJÍTOTT, EMELETI LAKÁSOK ELADÓK!!! AZ V. KERÜLETBEN, ÚJ LIPÓTVÁROS kedvelt részén, kerültek kialakításra egy 30 m2-s, amerikai...",CDC Ingatlan IV.Ker. Szita Ingatlan Kft.,https://ingatlanok.hu/elado/lakas/budapest_v_ker/39-millio-ft;32-negyzetmeter;1-szoba;tegla-epitesu/9721878,2019-09-18
9721669,32.0,1.0,Tégla,39900000.0,"3 az 1-ben! Tökéletes befektetés, ahol a modern stílus, és a belvárosi életérzés találkozik. A NYUGATI TÉRHEZ KÖZEL, FELÚJÍTOTT, EMELETI LAKÁSOK ELADÓK!!! AZ V. KERÜLETBEN, ÚJ LIPÓTVÁROS kedvelt részén, kerültek kialakításra egy 30 m2-s, amerikai...",Cdci Teréz krt-i iroda,https://ingatlanok.hu/elado/lakas/budapest_v_ker/39-millio-ft;32-negyzetmeter;1-szoba;tegla-epitesu/9721878,2019-09-18
9630578,33.0,1.0,Tégla,44300000.0,"EGYETEMISTÁK - BEFEKTETŐK- ELSŐ LAKÁSUKAT KERESŐK FIGYELEM!!!
Budapest 3 nagy egyetemének ( BME, Corvinus, ELTE ) közvetlen közelében kínálok eldásra egy igazi kis garzont, mely nem mellesleg gyönyörű PANORÁMÁVAL is meg van áldva!
A lakás...",GDN Ingatlaniroda.,https://ingatlanok.hu/elado/lakas/budapest_v_ker/39-millio-ft;32-negyzetmeter;1-szoba;tegla-epitesu/9721878,2019-09-18
9721732,32.0,1.0,Tégla,39900000.0,"3 az 1-ben! Tökéletes befektetés, ahol a modern stílus, és a belvárosi életérzés találkozik. A NYUGATI TÉRHEZ KÖZEL, FELÚJÍTOTT, EMELETI LAKÁSOK ELADÓK!!! AZ V. KERÜLETBEN, ÚJ LIPÓTVÁROS kedvelt részén, kerültek kialakításra egy 30 m2-s, amerikai...",CDC Báthory,https://ingatlanok.hu/elado/lakas/budapest_v_ker/39-millio-ft;32-negyzetmeter;1-szoba;tegla-epitesu/9721878,2019-09-18
9739324,25.0,1.0,Nincs,22900000.0,"A belváros szívében, teljesen felújított, álló galériával rendelkező, költözhető állapotú studio lakás alacsony fenntartási költséggel eladó.
A környéken rengeteg bolt, kávézó, illetve vendéglátó egység található. Az elhelyezkedés...",Tecnocasa,https://ingatlanok.hu/elado/lakas/budapest_v_ker/39-millio-ft;32-negyzetmeter;1-szoba;tegla-epitesu/9721878,2019-09-18
9738993,29.0,1.0,Nincs,33500000.0,"Váci utca sarkán, frekventált helyen, jó állapotú társasházban lévő, udvari nézetű lakás. Állapotát tekintve a hidegburkolatok közepes állapotúak, a szobában eredeti parketta van és karbantartott nyílászárók. A lakás alacsony fenntartási...",Tecnocasa,https://ingatlanok.hu/elado/lakas/budapest_v_ker/39-millio-ft;32-negyzetmeter;1-szoba;tegla-epitesu/9721878,2019-09-18
9739093,30.0,1.0,Nincs,45003600.0,"Budapest, 5th district, Vaci street, 30 m2 135.000 Euro
Vaci-street,sunny studio&balcony,view,newly furnished,internet,AC (5thVaci-utca,Ferencziek-tere,Main-Market)
5th-Vaci-street,sunny studio&balcony,view,newly furnished,internet
-near...",,https://ingatlanok.hu/elado/lakas/budapest_v_ker/39-millio-ft;32-negyzetmeter;1-szoba;tegla-epitesu/9721878,2019-09-18
9738947,30.0,1.0,Nincs,43336800.0,"Budapest, 5th district, Vaci street, 30 m2 130.000 Euro
Vaci-street,sunny studio&balcony,view,newly furnished,internet,AC (5thVaci-utca,Ferencziek-tere,Main-Market)
5th-Vaci-street,sunny studio&balcony,view,newly furnished,internet
-near...",,https://ingatlanok.hu/elado/lakas/budapest_v_ker/39-millio-ft;32-negyzetmeter;1-szoba;tegla-epitesu/9721878,2019-09-18
9729336,32.0,1.0,Tégla,39900000.0,"3 az 1-ben! Tökéletes befektetés, ahol a modern stílus, és a belvárosi életérzés találkozik. A NYUGATI TÉRHEZ KÖZEL, FELÚJÍTOTT, EMELETI LAKÁSOK ELADÓK!!! AZ V. KERÜLETBEN, ÚJ LIPÓTVÁROS kedvelt részén, kerültek kialakításra egy 30 m2-s, amerikai...",CDC Ingatlan IV.Ker. Szita Ingatlan Kft.,https://ingatlanok.hu/elado/lakas/budapest_v_ker/39-millio-ft;32-negyzetmeter;1-szoba;tegla-epitesu/9721878,2019-09-18
9729050,32.0,1.0,Tégla,39900000.0,"3 az 1-ben! Tökéletes befektetés, ahol a modern stílus, és a belvárosi életérzés találkozik. A NYUGATI TÉRHEZ KÖZEL, FELÚJÍTOTT, EMELETI LAKÁSOK ELADÓK!!! AZ V. KERÜLETBEN, ÚJ LIPÓTVÁROS kedvelt részén, kerültek kialakításra egy 30 m2-s, amerikai...",Cdci Teréz krt-i iroda,https://ingatlanok.hu/elado/lakas/budapest_v_ker/39-millio-ft;32-negyzetmeter;1-szoba;tegla-epitesu/9721878,2019-09-18
9737301,30.0,1.0,Tégla,37500000.0,"3 az 1-ben! Tökéletes befektetés, ahol a modern stílus, és a belvárosi életérzés találkozik. A NYUGATI TÁRHEZ KÖZEL, FELÚJÍTOTT, EMELETI LAKÁSOK ELADÓK!!! AZ V. KERÜLETBEN, LIPÓTVÁROS kedvelt részén, kerültek kialakításra egy 30 m2-s, amerikai...",CDC Ingatlan IV.Ker. Szita Ingatlan Kft.,https://ingatlanok.hu/elado/lakas/budapest_v_ker/39-millio-ft;32-negyzetmeter;1-szoba;tegla-epitesu/9721878,2019-09-18
9603730,33.0,1.0,Tégla,44300000.0,"EGYETEMISTÁK - BEFEKTETŐK- ELSŐ LAKÁSUKAT KERESŐK FIGYELEM!!!
Budapest 3 nagy egyetemének ( BME, Corvinus, ELTE ) közvetlen közelében kínálok eldásra egy igazi kis garzont, mely nem mellesleg gyönyörű PANORÁMÁVAL is meg van áldva!
A lakás...",,https://ingatlanok.hu/elado/lakas/budapest_v_ker/39-millio-ft;32-negyzetmeter;1-szoba;tegla-epitesu/9721878,2019-09-18
9352021,26.0,1.0,Tégla,28600000.0,"Budapest V. kerületének központi közkedvelt részén, ötemeletes téglaépítésű társasház 2. emeletén, 26nm-es lakás eladó.
Az ingatlan falai fiatalos, halvány színekre lettek festve.
Szobái magas kopásállóságú és jó állapotban lévő laminált...",GREAT HOME,https://ingatlanok.hu/elado/lakas/budapest_v_ker/39-millio-ft;32-negyzetmeter;1-szoba;tegla-epitesu/9721878,2019-09-18
9286302,30.0,0.0,Tégla,43000000.0,"Eladó az V. kerületben egyedülálló panorámával rendelkező 6.emeleti 30 nm es lakás a
Liftes, rendezett épületben található a lakás.
Óriási ablakokból élvezheti a csodálatos kilátást, Deák tér -Hild tér parkot, a Szent István Bazilikát, Budapest...",Gold House Ingatlaniroda,https://ingatlanok.hu/elado/lakas/budapest_v_ker/39-millio-ft;32-negyzetmeter;1-szoba;tegla-epitesu/9721878,2019-09-18
9726678,32.0,1.0,Tégla,39900000.0,"3 az 1-ben! Tökéletes befektetés, ahol a modern stílus, és a belvárosi életérzés találkozik. A NYUGATI TÉRHEZ KÖZEL, FELÚJÍTOTT, EMELETI LAKÁSOK ELADÓK!!! AZ V. KERÜLETBEN, ÚJ LIPÓTVÁROS kedvelt részén, kerültek kialakításra egy 30 m2-s, amerikai...",CDC Báthory,https://ingatlanok.hu/elado/lakas/budapest_v_ker/39-millio-ft;32-negyzetmeter;1-szoba;tegla-epitesu/9721878,2019-09-18
9726534,32.0,1.0,Tégla,39900000.0,"3 az 1-ben! Tökéletes befektetés, ahol a modern stílus, és a belvárosi életérzés találkozik. A NYUGATI TÉRHEZ KÖZEL, FELÚJÍTOTT, EMELETI LAKÁSOK ELADÓK!!! AZ V. KERÜLETBEN, ÚJ LIPÓTVÁROS kedvelt részén, kerültek kialakításra egy 30 m2-s, amerikai...",CDC Bokréta,https://ingatlanok.hu/elado/lakas/budapest_v_ker/39-millio-ft;32-negyzetmeter;1-szoba;tegla-epitesu/9721878,2019-09-18
9737704,30.0,1.0,Tégla,37500000.0,"3 az 1-ben! Tökéletes befektetés, ahol a modern stílus, és a belvárosi életérzés találkozik. A NYUGATI TÁRHEZ KÖZEL, FELÚJÍTOTT, EMELETI LAKÁSOK ELADÓK!!! AZ V. KERÜLETBEN, ÚJ LIPÓTVÁROS kedvelt részén, kerültek kialakításra egy 30 m2-s, amerikai...",CDC Báthory,https://ingatlanok.hu/elado/lakas/budapest_v_ker/39-millio-ft;32-negyzetmeter;1-szoba;tegla-epitesu/9721878,2019-09-18
9608119,27.0,2.0,Tégla,22700000.0,"*** V. KERÜLETI, BELSŐUDVAROS LAKÁS ELADÓ A SZENT ISTVÁN KÖRÚTON ***
Eladásra kínálok egy, tulajdoni lap szerint 27m2, két szintes (13,5+13,5m2) felújítandó garzont. Elhelyezkedése a Nyugati tér és a Jászai Mari tér között , a körúton van....",,https://ingatlanok.hu/elado/lakas/budapest_v_ker/39-millio-ft;32-negyzetmeter;1-szoba;tegla-epitesu/9721878,2019-09-18
9737329,32.0,1.0,Tégla,39900000.0,"3 az 1-ben! Tökéletes befektetés, ahol a modern stílus, és a belvárosi életérzés találkozik. A NYUGATI TÉRHEZ KÖZEL, FELÚJÍTOTT, EMELETI LAKÁSOK ELADÓK!!! AZ V. KERÜLETBEN, LIPÓTVÁROS kedvelt részén, kerültek kialakításra egy 30 m2-s, amerikai...",CDC Ingatlan IV.Ker. Szita Ingatlan Kft.,https://ingatlanok.hu/elado/lakas/budapest_v_ker/39-millio-ft;32-negyzetmeter;1-szoba;tegla-epitesu/9721878,2019-09-18
9721802,30.0,1.0,Tégla,37500000.0,"3 az 1-ben! Tökéletes befektetés, ahol a modern stílus, és a belvárosi életérzés találkozik. A NYUGATI TÁRHEZ KÖZEL, FELÚJÍTOTT, EMELETI LAKÁSOK ELADÓK!!! AZ V. KERÜLETBEN, ÚJ LIPÓTVÁROS kedvelt részén, kerültek kialakításra egy 30 m2-s, amerikai...",CDC Bokréta,https://ingatlanok.hu/elado/lakas/budapest_v_ker/39-millio-ft;32-negyzetmeter;1-szoba;tegla-epitesu/9721878,2019-09-18
9728848,30.0,1.0,Tégla,37500000.0,"3 az 1-ben! Tökéletes befektetés, ahol a modern stílus, és a belvárosi életérzés találkozik. A NYUGATI TÁRHEZ KÖZEL, FELÚJÍTOTT, EMELETI LAKÁSOK ELADÓK!!! AZ V. KERÜLETBEN, ÚJ LIPÓTVÁROS kedvelt részén, kerültek kialakításra egy 30 m2-s, amerikai...",Cdci Teréz krt-i iroda,https://ingatlanok.hu/elado/lakas/budapest_v_ker/39-millio-ft;32-negyzetmeter;1-szoba;tegla-epitesu/9721878,2019-09-18
9719876,30.0,1.0,Tégla,37500000.0,"3 az 1-ben! Tökéletes befektetés, ahol a modern stílus, és a belvárosi életérzés találkozik. A NYUGATI TÁRHEZ KÖZEL, FELÚJÍTOTT, EMELETI LAKÁSOK ELADÓK!!! AZ V. KERÜLETBEN, ÚJ LIPÓTVÁROS kedvelt részén, kerültek kialakításra egy 30 m2-s, amerikai...",CDC Báthory,https://ingatlanok.hu/elado/lakas/budapest_v_ker/39-millio-ft;32-negyzetmeter;1-szoba;tegla-epitesu/9721878,2019-09-18
9618092,27.0,2.0,Tégla,22700000.0,"*** V. KERÜLETI, BELSŐUDVAROS LAKÁS ELADÓ A SZENT ISTVÁN KÖRÚTON ***
Eladásra kínálok egy, tulajdoni lap szerint 27m2, két szintes (13,5+13,5m2) felújítandó garzont. Elhelyezkedése a Nyugati tér és a Jászai Mari tér között , a körúton van....",OTP Ingatlanpont Szépvölgyi út,https://ingatlanok.hu/elado/lakas/budapest_v_ker/39-millio-ft;32-negyzetmeter;1-szoba;tegla-epitesu/9721878,2019-09-18
9737873,32.0,1.0,Tégla,39900000.0,"3 az 1-ben! Tökéletes befektetés, ahol a modern stílus, és a belvárosi életérzés találkozik. A NYUGATI TÉRHEZ KÖZEL, FELÚJÍTOTT, EMELETI LAKÁSOK ELADÓK!!! AZ V. KERÜLETBEN, ÚJ LIPÓTVÁROS kedvelt részén, kerültek kialakításra egy 30 m2-s, amerikai...",CDC Báthory,https://ingatlanok.hu/elado/lakas/budapest_v_ker/39-millio-ft;32-negyzetmeter;1-szoba;tegla-epitesu/9721878,2019-09-18
9674865,31.0,1.0,Tégla,26990000.0,"A Világörökség részeként ismert és közkedvelt Belgrád rakpart és a népszerű Váci utca között, a díszburkolattal ellátott Molnár utcában, egy 1909-ben épült, szép házban, eladásra kínálunk egy 30nm-es, azonnal költözhető garzonlakást, jó...",Homexpress Ingatlaniroda,https://ingatlanok.hu/elado/lakas/budapest_v_ker/39-millio-ft;32-negyzetmeter;1-szoba;tegla-epitesu/9721878,2019-09-18
9737619,32.0,1.0,Tégla,39900000.0,"3 az 1-ben! Tökéletes befektetés, ahol a modern stílus, és a belvárosi életérzés találkozik. A NYUGATI TÉRHEZ KÖZEL, FELÚJÍTOTT, EMELETI LAKÁSOK ELADÓK!!! AZ V. KERÜLETBEN, LIPÓTVÁROS kedvelt részén, kerültek kialakításra egy 30 m2-s, amerikai...",CDC Ingatlan IV.Ker. Szita Ingatlan Kft.,https://ingatlanok.hu/elado/lakas/budapest_v_ker/39-millio-ft;32-negyzetmeter;1-szoba;tegla-epitesu/9737619,2019-09-24
9737341,30.0,1.0,Tégla,37500000.0,"3 az 1-ben! Tökéletes befektetés, ahol a modern stílus, és a belvárosi életérzés találkozik. A NYUGATI TÁRHEZ KÖZEL, FELÚJÍTOTT, EMELETI LAKÁSOK ELADÓK!!! AZ V. KERÜLETBEN, LIPÓTVÁROS kedvelt részén, kerültek kialakításra egy 30 m2-s, amerikai...",CDC Ingatlan IV.Ker. Szita Ingatlan Kft.,https://ingatlanok.hu/elado/lakas/budapest_v_ker/39-millio-ft;32-negyzetmeter;1-szoba;tegla-epitesu/9737619,2019-09-24
9729036,30.0,1.0,Tégla,37500000.0,"3 az 1-ben! Tökéletes befektetés, ahol a modern stílus, és a belvárosi életérzés találkozik. A NYUGATI TÁRHEZ KÖZEL, FELÚJÍTOTT, EMELETI LAKÁSOK ELADÓK!!! AZ V. KERÜLETBEN, ÚJ LIPÓTVÁROS kedvelt részén, kerültek kialakításra egy 30 m2-s, amerikai...",CDC Ingatlan IV.Ker. Szita Ingatlan Kft.,https://ingatlanok.hu/elado/lakas/budapest_v_ker/39-millio-ft;32-negyzetmeter;1-szoba;tegla-epitesu/9737619,2019-09-24
9603730,33.0,1.0,Tégla,44300000.0,"EGYETEMISTÁK - BEFEKTETŐK- ELSŐ LAKÁSUKAT KERESŐK FIGYELEM!!!
Budapest 3 nagy egyetemének ( BME, Corvinus, ELTE ) közvetlen közelében kínálok eldásra egy igazi kis garzont, mely nem mellesleg gyönyörű PANORÁMÁVAL is meg van áldva!
A lakás...",,https://ingatlanok.hu/elado/lakas/budapest_v_ker/39-millio-ft;32-negyzetmeter;1-szoba;tegla-epitesu/9737619,2019-09-24
9729050,32.0,1.0,Tégla,39900000.0,"3 az 1-ben! Tökéletes befektetés, ahol a modern stílus, és a belvárosi életérzés találkozik. A NYUGATI TÉRHEZ KÖZEL, FELÚJÍTOTT, EMELETI LAKÁSOK ELADÓK!!! AZ V. KERÜLETBEN, ÚJ LIPÓTVÁROS kedvelt részén, kerültek kialakításra egy 30 m2-s, amerikai...",Cdci Teréz krt-i iroda,https://ingatlanok.hu/elado/lakas/budapest_v_ker/39-millio-ft;32-negyzetmeter;1-szoba;tegla-epitesu/9737619,2019-09-24
9352021,26.0,1.0,Tégla,28600000.0,"Budapest V. kerületének központi közkedvelt részén, ötemeletes téglaépítésű társasház 2. emeletén, 26nm-es lakás eladó.
Az ingatlan falai fiatalos, halvány színekre lettek festve.
Szobái magas kopásállóságú és jó állapotban lévő laminált...",GREAT HOME,https://ingatlanok.hu/elado/lakas/budapest_v_ker/39-millio-ft;32-negyzetmeter;1-szoba;tegla-epitesu/9737619,2019-09-24
9286302,30.0,0.0,Tégla,43000000.0,"Eladó az V. kerületben egyedülálló panorámával rendelkező 6.emeleti 30 nm es lakás a
Liftes, rendezett épületben található a lakás.
Óriási ablakokból élvezheti a csodálatos kilátást, Deák tér -Hild tér parkot, a Szent István Bazilikát, Budapest...",Gold House Ingatlaniroda,https://ingatlanok.hu/elado/lakas/budapest_v_ker/39-millio-ft;32-negyzetmeter;1-szoba;tegla-epitesu/9737619,2019-09-24
9726406,30.0,1.0,Tégla,37500000.0,"3 az 1-ben! Tökéletes befektetés, ahol a modern stílus, és a belvárosi életérzés találkozik. A NYUGATI TÁRHEZ KÖZEL, FELÚJÍTOTT, EMELETI LAKÁSOK ELADÓK!!! AZ V. KERÜLETBEN, ÚJ LIPÓTVÁROS kedvelt részén, kerültek kialakításra egy 30 m2-s, amerikai...",CDC Báthory,https://ingatlanok.hu/elado/lakas/budapest_v_ker/39-millio-ft;32-negyzetmeter;1-szoba;tegla-epitesu/9737619,2019-09-24
9726678,32.0,1.0,Tégla,39900000.0,"3 az 1-ben! Tökéletes befektetés, ahol a modern stílus, és a belvárosi életérzés találkozik. A NYUGATI TÉRHEZ KÖZEL, FELÚJÍTOTT, EMELETI LAKÁSOK ELADÓK!!! AZ V. KERÜLETBEN, ÚJ LIPÓTVÁROS kedvelt részén, kerültek kialakításra egy 30 m2-s, amerikai...",CDC Báthory,https://ingatlanok.hu/elado/lakas/budapest_v_ker/39-millio-ft;32-negyzetmeter;1-szoba;tegla-epitesu/9737619,2019-09-24
9726534,32.0,1.0,Tégla,39900000.0,"3 az 1-ben! Tökéletes befektetés, ahol a modern stílus, és a belvárosi életérzés találkozik. A NYUGATI TÉRHEZ KÖZEL, FELÚJÍTOTT, EMELETI LAKÁSOK ELADÓK!!! AZ V. KERÜLETBEN, ÚJ LIPÓTVÁROS kedvelt részén, kerültek kialakításra egy 30 m2-s, amerikai...",CDC Bokréta,https://ingatlanok.hu/elado/lakas/budapest_v_ker/39-millio-ft;32-negyzetmeter;1-szoba;tegla-epitesu/9737619,2019-09-24
9608119,27.0,2.0,Tégla,22700000.0,"*** V. KERÜLETI, BELSŐUDVAROS LAKÁS ELADÓ A SZENT ISTVÁN KÖRÚTON ***
Eladásra kínálok egy, tulajdoni lap szerint 27m2, két szintes (13,5+13,5m2) felújítandó garzont. Elhelyezkedése a Nyugati tér és a Jászai Mari tér között , a körúton van....",,https://ingatlanok.hu/elado/lakas/budapest_v_ker/39-millio-ft;32-negyzetmeter;1-szoba;tegla-epitesu/9737619,2019-09-24
9745171,30.0,1.0,Tégla,37500000.0,"3 az 1-ben! Tökéletes befektetés, ahol a modern stílus, és a belvárosi életérzés találkozik. A NYUGATI TÁRHEZ KÖZEL, FELÚJÍTOTT, EMELETI LAKÁSOK ELADÓK!!! AZ V. KERÜLETBEN, LIPÓTVÁROS kedvelt részén, kerültek kialakításra egy 30 m2-s, amerikai...",CDC Bokréta,https://ingatlanok.hu/elado/lakas/budapest_v_ker/39-millio-ft;32-negyzetmeter;1-szoba;tegla-epitesu/9737619,2019-09-24
9734366,30.0,1.0,Tégla,37500000.0,"3 az 1-ben! Tökéletes befektetés, ahol a modern stílus, és a belvárosi életérzés találkozik. A NYUGATI TÁRHEZ KÖZEL, FELÚJÍTOTT, EMELETI LAKÁSOK ELADÓK!!! AZ V. KERÜLETBEN, LIPÓTVÁROS kedvelt részén, kerültek kialakításra egy 30 m2-s, amerikai...",CDC Ingatlan IV.Ker. Szita Ingatlan Kft.,https://ingatlanok.hu/elado/lakas/budapest_v_ker/39-millio-ft;32-negyzetmeter;1-szoba;tegla-epitesu/9737619,2019-09-24
9744984,32.0,1.0,Tégla,39900000.0,"3 az 1-ben! Tökéletes befektetés, ahol a modern stílus, és a belvárosi életérzés találkozik. A NYUGATI TÉRHEZ KÖZEL, FELÚJÍTOTT, EMELETI LAKÁSOK ELADÓK!!! AZ V. KERÜLETBEN, LIPÓTVÁROS kedvelt részén, kerültek kialakításra egy 30 m2-s, amerikai...",CDC Bokréta,https://ingatlanok.hu/elado/lakas/budapest_v_ker/39-millio-ft;32-negyzetmeter;1-szoba;tegla-epitesu/9737619,2019-09-24
9744403,32.0,1.0,Tégla,39900000.0,Kiváló elosztású 1 szoba + galériás lakást kínálunk megvételre az V. kerületben. Az ingatlan a Vígszínháztól 1 perc sétára található.Második emeleti elhelyezkedésének és utcai tájolásának köszönhetően egész nap világos. A hasznos területet egy 5...,,https://ingatlanok.hu/elado/lakas/budapest_v_ker/39-millio-ft;32-negyzetmeter;1-szoba;tegla-epitesu/9737619,2019-09-24
9744402,30.0,1.0,Tégla,37500000.0,"Kiváló elosztású 1+1 szobás lakást kínálunk megvételre az V. kerületben. Az ingatlan a Vígszínháztól 1 perc sétára található. Felújítása jelenleg is zajlik, átadása Október 15. A lakás teljes körű felújításon esik át, melynek keretében a...",,https://ingatlanok.hu/elado/lakas/budapest_v_ker/39-millio-ft;32-negyzetmeter;1-szoba;tegla-epitesu/9737619,2019-09-24
9728848,30.0,1.0,Tégla,37500000.0,"3 az 1-ben! Tökéletes befektetés, ahol a modern stílus, és a belvárosi életérzés találkozik. A NYUGATI TÁRHEZ KÖZEL, FELÚJÍTOTT, EMELETI LAKÁSOK ELADÓK!!! AZ V. KERÜLETBEN, ÚJ LIPÓTVÁROS kedvelt részén, kerültek kialakításra egy 30 m2-s, amerikai...",Cdci Teréz krt-i iroda,https://ingatlanok.hu/elado/lakas/budapest_v_ker/39-millio-ft;32-negyzetmeter;1-szoba;tegla-epitesu/9737619,2019-09-24
9721643,30.0,1.0,Tégla,37500000.0,"3 az 1-ben! Tökéletes befektetés, ahol a modern stílus, és a belvárosi életérzés találkozik. A NYUGATI TÁRHEZ KÖZEL, FELÚJÍTOTT, EMELETI LAKÁSOK ELADÓK!!! AZ V. KERÜLETBEN, ÚJ LIPÓTVÁROS kedvelt részén, kerültek kialakításra egy 30 m2-s, amerikai...",CDC Báthory,https://ingatlanok.hu/elado/lakas/budapest_v_ker/39-millio-ft;32-negyzetmeter;1-szoba;tegla-epitesu/9737619,2019-09-24
9719876,30.0,1.0,Tégla,37500000.0,"3 az 1-ben! Tökéletes befektetés, ahol a modern stílus, és a belvárosi életérzés találkozik. A NYUGATI TÁRHEZ KÖZEL, FELÚJÍTOTT, EMELETI LAKÁSOK ELADÓK!!! AZ V. KERÜLETBEN, ÚJ LIPÓTVÁROS kedvelt részén, kerültek kialakításra egy 30 m2-s, amerikai...",CDC Báthory,https://ingatlanok.hu/elado/lakas/budapest_v_ker/39-millio-ft;32-negyzetmeter;1-szoba;tegla-epitesu/9737619,2019-09-24
9729336,32.0,1.0,Tégla,39900000.0,"3 az 1-ben! Tökéletes befektetés, ahol a modern stílus, és a belvárosi életérzés találkozik. A NYUGATI TÉRHEZ KÖZEL, FELÚJÍTOTT, EMELETI LAKÁSOK ELADÓK!!! AZ V. KERÜLETBEN, ÚJ LIPÓTVÁROS kedvelt részén, kerültek kialakításra egy 30 m2-s, amerikai...",CDC Ingatlan IV.Ker. Szita Ingatlan Kft.,https://ingatlanok.hu/elado/lakas/budapest_v_ker/39-millio-ft;32-negyzetmeter;1-szoba;tegla-epitesu/9737619,2019-09-24
9721732,32.0,1.0,Tégla,39900000.0,"3 az 1-ben! Tökéletes befektetés, ahol a modern stílus, és a belvárosi életérzés találkozik. A NYUGATI TÉRHEZ KÖZEL, FELÚJÍTOTT, EMELETI LAKÁSOK ELADÓK!!! AZ V. KERÜLETBEN, ÚJ LIPÓTVÁROS kedvelt részén, kerültek kialakításra egy 30 m2-s, amerikai...",CDC Báthory,https://ingatlanok.hu/elado/lakas/budapest_v_ker/39-millio-ft;32-negyzetmeter;1-szoba;tegla-epitesu/9737619,2019-09-24
9721913,30.0,1.0,Tégla,37500000.0,"3 az 1-ben! Tökéletes befektetés, ahol a modern stílus, és a belvárosi életérzés találkozik. A NYUGATI TÁRHEZ KÖZEL, FELÚJÍTOTT, EMELETI LAKÁSOK ELADÓK!!! AZ V. KERÜLETBEN, ÚJ LIPÓTVÁROS kedvelt részén, kerültek kialakításra egy 30 m2-s, amerikai...",CDC Ingatlan IV.Ker. Szita Ingatlan Kft.,https://ingatlanok.hu/elado/lakas/budapest_v_ker/39-millio-ft;32-negyzetmeter;1-szoba;tegla-epitesu/9737619,2019-09-24
9721669,32.0,1.0,Tégla,39900000.0,"3 az 1-ben! Tökéletes befektetés, ahol a modern stílus, és a belvárosi életérzés találkozik. A NYUGATI TÉRHEZ KÖZEL, FELÚJÍTOTT, EMELETI LAKÁSOK ELADÓK!!! AZ V. KERÜLETBEN, ÚJ LIPÓTVÁROS kedvelt részén, kerültek kialakításra egy 30 m2-s, amerikai...",Cdci Teréz krt-i iroda,https://ingatlanok.hu/elado/lakas/budapest_v_ker/39-millio-ft;32-negyzetmeter;1-szoba;tegla-epitesu/9737619,2019-09-24
9630578,33.0,1.0,Tégla,44300000.0,"EGYETEMISTÁK - BEFEKTETŐK- ELSŐ LAKÁSUKAT KERESŐK FIGYELEM!!!
Budapest 3 nagy egyetemének ( BME, Corvinus, ELTE ) közvetlen közelében kínálok eldásra egy igazi kis garzont, mely nem mellesleg gyönyörű PANORÁMÁVAL is meg van áldva!
A lakás...",GDN Ingatlaniroda.,https://ingatlanok.hu/elado/lakas/budapest_v_ker/39-millio-ft;32-negyzetmeter;1-szoba;tegla-epitesu/9737619,2019-09-24
9720076,32.0,1.0,Tégla,39900000.0,"3 az 1-ben! Tökéletes befektetés, ahol a modern stílus, és a belvárosi életérzés találkozik. A NYUGATI TÉRHEZ KÖZEL, FELÚJÍTOTT, EMELETI LAKÁSOK ELADÓK!!! AZ V. KERÜLETBEN, ÚJ LIPÓTVÁROS kedvelt részén, kerültek kialakításra egy 30 m2-s, amerikai...",CDC Báthory,https://ingatlanok.hu/elado/lakas/budapest_v_ker/39-millio-ft;32-negyzetmeter;1-szoba;tegla-epitesu/9737619,2019-09-24
9739324,25.0,1.0,Nincs,22900000.0,"A belváros szívében, teljesen felújított, álló galériával rendelkező, költözhető állapotú studio lakás alacsony fenntartási költséggel eladó.
A környéken rengeteg bolt, kávézó, illetve vendéglátó egység található. Az elhelyezkedés...",Tecnocasa,https://ingatlanok.hu/elado/lakas/budapest_v_ker/39-millio-ft;32-negyzetmeter;1-szoba;tegla-epitesu/9737619,2019-09-24
9738993,29.0,1.0,Nincs,33500000.0,"Váci utca sarkán, frekventált helyen, jó állapotú társasházban lévő, udvari nézetű lakás. Állapotát tekintve a hidegburkolatok közepes állapotúak, a szobában eredeti parketta van és karbantartott nyílászárók. A lakás alacsony fenntartási...",Tecnocasa,https://ingatlanok.hu/elado/lakas/budapest_v_ker/39-millio-ft;32-negyzetmeter;1-szoba;tegla-epitesu/9737619,2019-09-24
9739093,30.0,1.0,Nincs,43300000.0,"Budapest, 5th district, Vaci street, 30 m2 135.000 Euro
Vaci-street,sunny studio&balcony,view,newly furnished,internet,AC (5thVaci-utca,Ferencziek-tere,Main-Market)
5th-Vaci-street,sunny studio&balcony,view,newly...",,https://ingatlanok.hu/elado/lakas/budapest_v_ker/39-millio-ft;32-negyzetmeter;1-szoba;tegla-epitesu/9737619,2019-09-24
9738947,30.0,1.0,Nincs,43300000.0,"Budapest, 5th district, Vaci street, 30 m2 130.000 Euro
Vaci-street,sunny studio&balcony,view,newly furnished,internet,AC (5thVaci-utca,Ferencziek-tere,Main-Market)
5th-Vaci-street,sunny studio&balcony,view,newly...",,https://ingatlanok.hu/elado/lakas/budapest_v_ker/39-millio-ft;32-negyzetmeter;1-szoba;tegla-epitesu/9737619,2019-09-24
9618092,27.0,2.0,Tégla,22700000.0,"*** V. KERÜLETI, BELSŐUDVAROS LAKÁS ELADÓ A SZENT ISTVÁN KÖRÚTON ***
Eladásra kínálok egy, tulajdoni lap szerint 27m2, két szintes (13,5+13,5m2) felújítandó garzont. Elhelyezkedése a Nyugati tér és a Jászai Mari tér között , a körúton van....",OTP Ingatlanpont Szépvölgyi út,https://ingatlanok.hu/elado/lakas/budapest_v_ker/39-millio-ft;32-negyzetmeter;1-szoba;tegla-epitesu/9737619,2019-09-24
9737704,30.0,1.0,Tégla,37500000.0,"3 az 1-ben! Tökéletes befektetés, ahol a modern stílus, és a belvárosi életérzés találkozik. A NYUGATI TÁRHEZ KÖZEL, FELÚJÍTOTT, EMELETI LAKÁSOK ELADÓK!!! AZ V. KERÜLETBEN, ÚJ LIPÓTVÁROS kedvelt részén, kerültek kialakításra egy 30 m2-s, amerikai...",CDC Báthory,https://ingatlanok.hu/elado/lakas/budapest_v_ker/39-millio-ft;32-negyzetmeter;1-szoba;tegla-epitesu/9737619,2019-09-24
9674865,31.0,1.0,Tégla,26990000.0,"A Világörökség részeként ismert és közkedvelt Belgrád rakpart és a népszerű Váci utca között, a díszburkolattal ellátott Molnár utcában, egy 1909-ben épült, szép házban, eladásra kínálunk egy 30nm-es, azonnal költözhető garzonlakást, jó...",Homexpress Ingatlaniroda,https://ingatlanok.hu/elado/lakas/budapest_v_ker/39-millio-ft;32-negyzetmeter;1-szoba;tegla-epitesu/9737619,2019-09-24
javascript:;,,,,,,,https://ingatlanok.hu/elado/lakas/budapest_v_ker/39-millio-ft;32-negyzetmeter;1-szoba;tegla-epitesu/9737619,2019-09-24
javascript:;,,,,,,,https://ingatlanok.hu/elado/lakas/budapest_v_ker/39-millio-ft;32-negyzetmeter;1-szoba;tegla-epitesu/9737619,2019-09-24
javascript:;,,,,,,,https://ingatlanok.hu/elado/lakas/budapest_v_ker/39-millio-ft;32-negyzetmeter;1-szoba;tegla-epitesu/9737619,2019-09-24
javascript:;,,,,,,,https://ingatlanok.hu/elado/lakas/budapest_v_ker/39-millio-ft;32-negyzetmeter;1-szoba;tegla-epitesu/9737619,2019-09-24
9729050,32.0,1.0,Tégla,39900000.0,"3 az 1-ben! Tökéletes befektetés, ahol a modern stílus, és a belvárosi életérzés találkozik. A NYUGATI TÉRHEZ KÖZEL, FELÚJÍTOTT, EMELETI LAKÁSOK ELADÓK!!! AZ V. KERÜLETBEN, ÚJ LIPÓTVÁROS kedvelt részén, kerültek kialakításra egy 30 m2-s, amerikai...",Cdci Teréz krt-i iroda,https://ingatlanok.hu/elado/lakas/budapest_v_ker/39-millio-ft;32-negyzetmeter;1-szoba;tegla-epitesu/9729050,2019-09-30
9737619,32.0,1.0,Tégla,39900000.0,"3 az 1-ben! Tökéletes befektetés, ahol a modern stílus, és a belvárosi életérzés találkozik. A NYUGATI TÉRHEZ KÖZEL, FELÚJÍTOTT, EMELETI LAKÁSOK ELADÓK!!! AZ V. KERÜLETBEN, LIPÓTVÁROS kedvelt részén, kerültek kialakításra egy 30 m2-s, amerikai...",CDC Ingatlan IV.Ker. Szita Ingatlan Kft.,https://ingatlanok.hu/elado/lakas/budapest_v_ker/39-millio-ft;32-negyzetmeter;1-szoba;tegla-epitesu/9729050,2019-09-30
9737329,32.0,1.0,Tégla,39900000.0,"3 az 1-ben! Tökéletes befektetés, ahol a modern stílus, és a belvárosi életérzés találkozik. A NYUGATI TÉRHEZ KÖZEL, FELÚJÍTOTT, EMELETI LAKÁSOK ELADÓK!!! AZ V. KERÜLETBEN, LIPÓTVÁROS kedvelt részén, kerültek kialakításra egy 30 m2-s, amerikai...",CDC Ingatlan IV.Ker. Szita Ingatlan Kft.,https://ingatlanok.hu/elado/lakas/budapest_v_ker/39-millio-ft;32-negyzetmeter;1-szoba;tegla-epitesu/9729050,2019-09-30
9737301,30.0,1.0,Tégla,37500000.0,"3 az 1-ben! Tökéletes befektetés, ahol a modern stílus, és a belvárosi életérzés találkozik. A NYUGATI TÁRHEZ KÖZEL, FELÚJÍTOTT, EMELETI LAKÁSOK ELADÓK!!! AZ V. KERÜLETBEN, LIPÓTVÁROS kedvelt részén, kerültek kialakításra egy 30 m2-s, amerikai...",CDC Ingatlan IV.Ker. Szita Ingatlan Kft.,https://ingatlanok.hu/elado/lakas/budapest_v_ker/39-millio-ft;32-negyzetmeter;1-szoba;tegla-epitesu/9729050,2019-09-30
9728848,30.0,1.0,Tégla,37500000.0,"3 az 1-ben! Tökéletes befektetés, ahol a modern stílus, és a belvárosi életérzés találkozik. A NYUGATI TÁRHEZ KÖZEL, FELÚJÍTOTT, EMELETI LAKÁSOK ELADÓK!!! AZ V. KERÜLETBEN, ÚJ LIPÓTVÁROS kedvelt részén, kerültek kialakításra egy 30 m2-s, amerikai...",Cdci Teréz krt-i iroda,https://ingatlanok.hu/elado/lakas/budapest_v_ker/39-millio-ft;32-negyzetmeter;1-szoba;tegla-epitesu/9729050,2019-09-30
9286302,30.0,0.0,Tégla,43000000.0,"Eladó az V. kerületben egyedülálló panorámával rendelkező 6.emeleti 30 nm es lakás a
Liftes, rendezett épületben található a lakás.
Óriási ablakokból élvezheti a csodálatos kilátást, Deák tér -Hild tér parkot, a Szent István Bazilikát, Budapest...",Gold House Ingatlaniroda,https://ingatlanok.hu/elado/lakas/budapest_v_ker/39-millio-ft;32-negyzetmeter;1-szoba;tegla-epitesu/9729050,2019-09-30
9752859,32.0,1.0,Tégla,39900000.0,"3 az 1-ben! Tökéletes befektetés, ahol a modern stílus, és a belvárosi életérzés találkozik. A NYUGATI TÉRHEZ KÖZEL, FELÚJÍTOTT, EMELETI LAKÁSOK ELADÓK!!! AZ V. KERÜLETBEN, LIPÓTVÁROS kedvelt részén, kerültek kialakításra egy 30 m2-s, amerikai...",CDC Bokréta,https://ingatlanok.hu/elado/lakas/budapest_v_ker/39-millio-ft;32-negyzetmeter;1-szoba;tegla-epitesu/9729050,2019-09-30
9608119,27.0,2.0,Tégla,22700000.0,"*** V. KERÜLETI, BELSŐUDVAROS LAKÁS ELADÓ A SZENT ISTVÁN KÖRÚTON ***
Eladásra kínálok egy, tulajdoni lap szerint 27m2, két szintes (13,5+13,5m2) felújítandó garzont. Elhelyezkedése a Nyugati tér és a Jászai Mari tér között , a körúton van....",,https://ingatlanok.hu/elado/lakas/budapest_v_ker/39-millio-ft;32-negyzetmeter;1-szoba;tegla-epitesu/9729050,2019-09-30
9752840,30.0,1.0,Tégla,37500000.0,"3 az 1-ben! Tökéletes befektetés, ahol a modern stílus, és a belvárosi életérzés találkozik. A NYUGATI TÁRHEZ KÖZEL, FELÚJÍTOTT, EMELETI LAKÁSOK ELADÓK!!! AZ V. KERÜLETBEN, LIPÓTVÁROS kedvelt részén, kerültek kialakításra egy 30 m2-s, amerikai...",CDC Bokréta,https://ingatlanok.hu/elado/lakas/budapest_v_ker/39-millio-ft;32-negyzetmeter;1-szoba;tegla-epitesu/9729050,2019-09-30
9744984,32.0,1.0,Tégla,39900000.0,"3 az 1-ben! Tökéletes befektetés, ahol a modern stílus, és a belvárosi életérzés találkozik. A NYUGATI TÉRHEZ KÖZEL, FELÚJÍTOTT, EMELETI LAKÁSOK ELADÓK!!! AZ V. KERÜLETBEN, LIPÓTVÁROS kedvelt részén, kerültek kialakításra egy 30 m2-s, amerikai...",CDC Bokréta,https://ingatlanok.hu/elado/lakas/budapest_v_ker/39-millio-ft;32-negyzetmeter;1-szoba;tegla-epitesu/9729050,2019-09-30
9744403,32.0,1.0,Tégla,39900000.0,Kiváló elosztású 1 szoba + galériás lakást kínálunk megvételre az V. kerületben. Az ingatlan a Vígszínháztól 1 perc sétára található.Második emeleti elhelyezkedésének és utcai tájolásának köszönhetően egész nap világos. A hasznos területet egy 5...,,https://ingatlanok.hu/elado/lakas/budapest_v_ker/39-millio-ft;32-negyzetmeter;1-szoba;tegla-epitesu/9729050,2019-09-30
9744402,30.0,1.0,Tégla,37500000.0,"Kiváló elosztású 1+1 szobás lakást kínálunk megvételre az V. kerületben. Az ingatlan a Vígszínháztól 1 perc sétára található. Felújítása jelenleg is zajlik, átadása Október 15. A lakás teljes körű felújításon esik át, melynek keretében a...",,https://ingatlanok.hu/elado/lakas/budapest_v_ker/39-millio-ft;32-negyzetmeter;1-szoba;tegla-epitesu/9729050,2019-09-30
9721643,30.0,1.0,Tégla,37500000.0,"3 az 1-ben! Tökéletes befektetés, ahol a modern stílus, és a belvárosi életérzés találkozik. A NYUGATI TÁRHEZ KÖZEL, FELÚJÍTOTT, EMELETI LAKÁSOK ELADÓK!!! AZ V. KERÜLETBEN, ÚJ LIPÓTVÁROS kedvelt részén, kerültek kialakításra egy 30 m2-s, amerikai...",CDC Báthory,https://ingatlanok.hu/elado/lakas/budapest_v_ker/39-millio-ft;32-negyzetmeter;1-szoba;tegla-epitesu/9729050,2019-09-30
9721839,30.0,1.0,Tégla,37500000.0,"3 az 1-ben! Tökéletes befektetés, ahol a modern stílus, és a belvárosi életérzés találkozik. A NYUGATI TÁRHEZ KÖZEL, FELÚJÍTOTT, EMELETI LAKÁSOK ELADÓK!!! AZ V. KERÜLETBEN, ÚJ LIPÓTVÁROS kedvelt részén, kerültek kialakításra egy 30 m2-s, amerikai...",Cdci Teréz krt-i iroda,https://ingatlanok.hu/elado/lakas/budapest_v_ker/39-millio-ft;32-negyzetmeter;1-szoba;tegla-epitesu/9729050,2019-09-30
9737345,30.0,1.0,Tégla,37500000.0,"3 az 1-ben! Tökéletes befektetés, ahol a modern stílus, és a belvárosi életérzés találkozik. A NYUGATI TÁRHEZ KÖZEL, FELÚJÍTOTT, EMELETI LAKÁSOK ELADÓK!!! AZ V. KERÜLETBEN, LIPÓTVÁROS kedvelt részén, kerültek kialakításra egy 30 m2-s, amerikai...",CDC Ingatlan IV.Ker. Szita Ingatlan Kft.,https://ingatlanok.hu/elado/lakas/budapest_v_ker/39-millio-ft;32-negyzetmeter;1-szoba;tegla-epitesu/9729050,2019-09-30
9630578,33.0,1.0,Tégla,44300000.0,"EGYETEMISTÁK - BEFEKTETŐK- ELSŐ LAKÁSUKAT KERESŐK FIGYELEM!!!
Budapest 3 nagy egyetemének ( BME, Corvinus, ELTE ) közvetlen közelében kínálok eldásra egy igazi kis garzont, mely nem mellesleg gyönyörű PANORÁMÁVAL is meg van áldva!
A lakás...",GDN Ingatlaniroda.,https://ingatlanok.hu/elado/lakas/budapest_v_ker/39-millio-ft;32-negyzetmeter;1-szoba;tegla-epitesu/9729050,2019-09-30
9752059,32.0,1.0,Tégla,39900000.0,"Tökéletes befektetés, ahol a modern stílus, és a belvárosi életérzés találkozik.
A NYUGATI TÉRHEZ KÖZEL, FELÚJÍTOTT, EMELETI LAKÁSOK ELADÓK!!! AZ V. KERÜLETBEN, LIPÓTVÁROS kedvelt részén, kerültek kialakításra egy 30 m2-s, amerikai konyhás...",CDC Ingatlan IV.Ker. Szita Ingatlan Kft.,https://ingatlanok.hu/elado/lakas/budapest_v_ker/39-millio-ft;32-negyzetmeter;1-szoba;tegla-epitesu/9729050,2019-09-30
9721669,32.0,1.0,Tégla,39900000.0,"3 az 1-ben! Tökéletes befektetés, ahol a modern stílus, és a belvárosi életérzés találkozik. A NYUGATI TÉRHEZ KÖZEL, FELÚJÍTOTT, EMELETI LAKÁSOK ELADÓK!!! AZ V. KERÜLETBEN, ÚJ LIPÓTVÁROS kedvelt részén, kerültek kialakításra egy 30 m2-s, amerikai...",Cdci Teréz krt-i iroda,https://ingatlanok.hu/elado/lakas/budapest_v_ker/39-millio-ft;32-negyzetmeter;1-szoba;tegla-epitesu/9729050,2019-09-30
9721732,32.0,1.0,Tégla,39900000.0,"3 az 1-ben! Tökéletes befektetés, ahol a modern stílus, és a belvárosi életérzés találkozik. A NYUGATI TÉRHEZ KÖZEL, FELÚJÍTOTT, EMELETI LAKÁSOK ELADÓK!!! AZ V. KERÜLETBEN, ÚJ LIPÓTVÁROS kedvelt részén, kerültek kialakításra egy 30 m2-s, amerikai...",CDC Báthory,https://ingatlanok.hu/elado/lakas/budapest_v_ker/39-millio-ft;32-negyzetmeter;1-szoba;tegla-epitesu/9729050,2019-09-30
9720076,32.0,1.0,Tégla,39900000.0,"3 az 1-ben! Tökéletes befektetés, ahol a modern stílus, és a belvárosi életérzés találkozik. A NYUGATI TÉRHEZ KÖZEL, FELÚJÍTOTT, EMELETI LAKÁSOK ELADÓK!!! AZ V. KERÜLETBEN, ÚJ LIPÓTVÁROS kedvelt részén, kerültek kialakításra egy 30 m2-s, amerikai...",CDC Báthory,https://ingatlanok.hu/elado/lakas/budapest_v_ker/39-millio-ft;32-negyzetmeter;1-szoba;tegla-epitesu/9729050,2019-09-30
9729336,32.0,1.0,Tégla,39900000.0,"3 az 1-ben! Tökéletes befektetés, ahol a modern stílus, és a belvárosi életérzés találkozik. A NYUGATI TÉRHEZ KÖZEL, FELÚJÍTOTT, EMELETI LAKÁSOK ELADÓK!!! AZ V. KERÜLETBEN, ÚJ LIPÓTVÁROS kedvelt részén, kerültek kialakításra egy 30 m2-s, amerikai...",CDC Ingatlan IV.Ker. Szita Ingatlan Kft.,https://ingatlanok.hu/elado/lakas/budapest_v_ker/39-millio-ft;32-negyzetmeter;1-szoba;tegla-epitesu/9729050,2019-09-30
9739324,25.0,1.0,Nincs,22900000.0,"A belváros szívében, teljesen felújított, álló galériával rendelkező, költözhető állapotú studio lakás alacsony fenntartási költséggel eladó.
A környéken rengeteg bolt, kávézó, illetve vendéglátó egység található. Az elhelyezkedés...",Tecnocasa,https://ingatlanok.hu/elado/lakas/budapest_v_ker/39-millio-ft;32-negyzetmeter;1-szoba;tegla-epitesu/9729050,2019-09-30
9738993,29.0,1.0,Nincs,33500000.0,"Váci utca sarkán, frekventált helyen, jó állapotú társasházban lévő, udvari nézetű lakás. Állapotát tekintve a hidegburkolatok közepes állapotúak, a szobában eredeti parketta van és karbantartott nyílászárók. A lakás alacsony fenntartási...",Tecnocasa,https://ingatlanok.hu/elado/lakas/budapest_v_ker/39-millio-ft;32-negyzetmeter;1-szoba;tegla-epitesu/9729050,2019-09-30
9739093,30.0,1.0,Nincs,43300000.0,"Budapest, 5th district, Vaci street, 30 m2 135.000 Euro
Vaci-street,sunny studio&balcony,view,newly furnished,internet,AC (5thVaci-utca,Ferencziek-tere,Main-Market)
5th-Vaci-street,sunny studio&balcony,view,newly furnished,internet
-near...",,https://ingatlanok.hu/elado/lakas/budapest_v_ker/39-millio-ft;32-negyzetmeter;1-szoba;tegla-epitesu/9729050,2019-09-30
9738947,30.0,1.0,Nincs,43300000.0,"Budapest, 5th district, Vaci street, 30 m2 130.000 Euro
Vaci-street,sunny studio&balcony,view,newly furnished,internet,AC (5thVaci-utca,Ferencziek-tere,Main-Market)
5th-Vaci-street,sunny studio&balcony,view,newly furnished,internet
-near...",,https://ingatlanok.hu/elado/lakas/budapest_v_ker/39-millio-ft;32-negyzetmeter;1-szoba;tegla-epitesu/9729050,2019-09-30
9737341,30.0,1.0,Tégla,37500000.0,"3 az 1-ben! Tökéletes befektetés, ahol a modern stílus, és a belvárosi életérzés találkozik. A NYUGATI TÁRHEZ KÖZEL, FELÚJÍTOTT, EMELETI LAKÁSOK ELADÓK!!! AZ V. KERÜLETBEN, LIPÓTVÁROS kedvelt részén, kerültek kialakításra egy 30 m2-s, amerikai...",CDC Ingatlan IV.Ker. Szita Ingatlan Kft.,https://ingatlanok.hu/elado/lakas/budapest_v_ker/39-millio-ft;32-negyzetmeter;1-szoba;tegla-epitesu/9729050,2019-09-30
9603730,33.0,1.0,Tégla,44300000.0,"EGYETEMISTÁK - BEFEKTETŐK- ELSŐ LAKÁSUKAT KERESŐK FIGYELEM!!!
Budapest 3 nagy egyetemének ( BME, Corvinus, ELTE ) közvetlen közelében kínálok eldásra egy igazi kis garzont, mely nem mellesleg gyönyörű PANORÁMÁVAL is meg van áldva!
A lakás...",,https://ingatlanok.hu/elado/lakas/budapest_v_ker/39-millio-ft;32-negyzetmeter;1-szoba;tegla-epitesu/9729050,2019-09-30
9352021,26.0,1.0,Tégla,28600000.0,"Budapest V. kerületének központi közkedvelt részén, ötemeletes téglaépítésű társasház 2. emeletén, 26nm-es lakás eladó.
Az ingatlan falai fiatalos, halvány színekre lettek festve.
Szobái magas kopásállóságú és jó állapotban lévő laminált...",GREAT HOME,https://ingatlanok.hu/elado/lakas/budapest_v_ker/39-millio-ft;32-negyzetmeter;1-szoba;tegla-epitesu/9729050,2019-09-30
9618092,27.0,2.0,Tégla,22700000.0,"*** V. KERÜLETI, BELSŐUDVAROS LAKÁS ELADÓ A SZENT ISTVÁN KÖRÚTON ***
Eladásra kínálok egy, tulajdoni lap szerint 27m2, két szintes (13,5+13,5m2) felújítandó garzont. Elhelyezkedése a Nyugati tér és a Jászai Mari tér között , a körúton van....",OTP Ingatlanpont Szépvölgyi út,https://ingatlanok.hu/elado/lakas/budapest_v_ker/39-millio-ft;32-negyzetmeter;1-szoba;tegla-epitesu/9729050,2019-09-30
9737873,32.0,1.0,Tégla,39900000.0,"3 az 1-ben! Tökéletes befektetés, ahol a modern stílus, és a belvárosi életérzés találkozik. A NYUGATI TÉRHEZ KÖZEL, FELÚJÍTOTT, EMELETI LAKÁSOK ELADÓK!!! AZ V. KERÜLETBEN, ÚJ LIPÓTVÁROS kedvelt részén, kerültek kialakításra egy 30 m2-s, amerikai...",CDC Báthory,https://ingatlanok.hu/elado/lakas/budapest_v_ker/39-millio-ft;32-negyzetmeter;1-szoba;tegla-epitesu/9729050,2019-09-30
9737704,30.0,1.0,Tégla,37500000.0,"3 az 1-ben! Tökéletes befektetés, ahol a modern stílus, és a belvárosi életérzés találkozik. A NYUGATI TÁRHEZ KÖZEL, FELÚJÍTOTT, EMELETI LAKÁSOK ELADÓK!!! AZ V. KERÜLETBEN, ÚJ LIPÓTVÁROS kedvelt részén, kerültek kialakításra egy 30 m2-s, amerikai...",CDC Báthory,https://ingatlanok.hu/elado/lakas/budapest_v_ker/39-millio-ft;32-negyzetmeter;1-szoba;tegla-epitesu/9729050,2019-09-30
9674865,31.0,1.0,Tégla,26990000.0,"A Világörökség részeként ismert és közkedvelt Belgrád rakpart és a népszerű Váci utca között, a díszburkolattal ellátott Molnár utcában, egy 1909-ben épült, szép házban, eladásra kínálunk egy 30nm-es, azonnal költözhető garzonlakást, jó...",Homexpress Ingatlaniroda,https://ingatlanok.hu/elado/lakas/budapest_v_ker/39-millio-ft;32-negyzetmeter;1-szoba;tegla-epitesu/9729050,2019-09-30
9721643,30.0,1.0,Tégla,37500000.0,"3 az 1-ben! Tökéletes befektetés, ahol a modern stílus, és a belvárosi életérzés találkozik. A NYUGATI TÁRHEZ KÖZEL, FELÚJÍTOTT, EMELETI LAKÁSOK ELADÓK!!! AZ V. KERÜLETBEN, ÚJ LIPÓTVÁROS kedvelt részén, kerültek kialakításra egy 30 m2-s, amerikai...",CDC Báthory,https://ingatlanok.hu/elado/lakas/budapest_v_ker/37-millio-ft;30-negyzetmeter;1-1-szoba;tegla-epitesu/9721643,2019-10-10
9721732,32.0,1.0,Tégla,39900000.0,"3 az 1-ben! Tökéletes befektetés, ahol a modern stílus, és a belvárosi életérzés találkozik. A NYUGATI TÉRHEZ KÖZEL, FELÚJÍTOTT, EMELETI LAKÁSOK ELADÓK!!! AZ V. KERÜLETBEN, ÚJ LIPÓTVÁROS kedvelt részén, kerültek kialakításra egy 30 m2-s, amerikai...",CDC Báthory,https://ingatlanok.hu/elado/lakas/budapest_v_ker/37-millio-ft;30-negyzetmeter;1-1-szoba;tegla-epitesu/9721643,2019-10-10
9721669,32.0,1.0,Tégla,39900000.0,"3 az 1-ben! Tökéletes befektetés, ahol a modern stílus, és a belvárosi életérzés találkozik. A NYUGATI TÉRHEZ KÖZEL, FELÚJÍTOTT, EMELETI LAKÁSOK ELADÓK!!! AZ V. KERÜLETBEN, ÚJ LIPÓTVÁROS kedvelt részén, kerültek kialakításra egy 30 m2-s, amerikai...",Cdci Teréz krt-i iroda,https://ingatlanok.hu/elado/lakas/budapest_v_ker/37-millio-ft;30-negyzetmeter;1-1-szoba;tegla-epitesu/9721643,2019-10-10
9766646,30.0,1.0,Tégla,37500000.0,"V. kerületben, a Szent István körúton eladó 3 db, udvari és utcai nézetű, igényesen felújított apartman lakás:
30 m2-s, amerikai konyhás nappalis + 1 félszobás;
32 m2-s amerikai konyhás nappali + 6 m2 galériás;
20 m2-s amerikai konyhás...",CDC Ingatlan IV.Ker. Szita Ingatlan Kft.,https://ingatlanok.hu/elado/lakas/budapest_v_ker/37-millio-ft;30-negyzetmeter;1-1-szoba;tegla-epitesu/9721643,2019-10-10
9721839,30.0,1.0,Tégla,37500000.0,"3 az 1-ben! Tökéletes befektetés, ahol a modern stílus, és a belvárosi életérzés találkozik. A NYUGATI TÁRHEZ KÖZEL, FELÚJÍTOTT, EMELETI LAKÁSOK ELADÓK!!! AZ V. KERÜLETBEN, ÚJ LIPÓTVÁROS kedvelt részén, kerültek kialakításra egy 30 m2-s, amerikai...",Cdci Teréz krt-i iroda,https://ingatlanok.hu/elado/lakas/budapest_v_ker/37-millio-ft;30-negyzetmeter;1-1-szoba;tegla-epitesu/9721643,2019-10-10
9630578,33.0,1.0,Tégla,44300000.0,"EGYETEMISTÁK - BEFEKTETŐK- ELSŐ LAKÁSUKAT KERESŐK FIGYELEM!!!
Budapest 3 nagy egyetemének ( BME, Corvinus, ELTE ) közvetlen közelében kínálok eldásra egy igazi kis garzont, mely nem mellesleg gyönyörű PANORÁMÁVAL is meg van áldva!
A lakás...",GDN Ingatlaniroda.,https://ingatlanok.hu/elado/lakas/budapest_v_ker/37-millio-ft;30-negyzetmeter;1-1-szoba;tegla-epitesu/9721643,2019-10-10
9752840,30.0,1.0,Tégla,37500000.0,"3 az 1-ben! Tökéletes befektetés, ahol a modern stílus, és a belvárosi életérzés találkozik. A NYUGATI TÁRHEZ KÖZEL, FELÚJÍTOTT, EMELETI LAKÁSOK ELADÓK!!! AZ V. KERÜLETBEN, LIPÓTVÁROS kedvelt részén, kerültek kialakításra egy 30 m2-s, amerikai...",CDC Bokréta,https://ingatlanok.hu/elado/lakas/budapest_v_ker/37-millio-ft;30-negyzetmeter;1-1-szoba;tegla-epitesu/9721643,2019-10-10
9752059,32.0,1.0,Tégla,39900000.0,"Tökéletes befektetés, ahol a modern stílus, és a belvárosi életérzés találkozik.
A NYUGATI TÉRHEZ KÖZEL, FELÚJÍTOTT, EMELETI LAKÁSOK ELADÓK!!! AZ V. KERÜLETBEN, LIPÓTVÁROS kedvelt részén, kerültek kialakításra egy 30 m2-s, amerikai konyhás...",CDC Ingatlan IV.Ker. Szita Ingatlan Kft.,https://ingatlanok.hu/elado/lakas/budapest_v_ker/37-millio-ft;30-negyzetmeter;1-1-szoba;tegla-epitesu/9721643,2019-10-10
9737704,30.0,1.0,Tégla,37500000.0,"3 az 1-ben! Tökéletes befektetés, ahol a modern stílus, és a belvárosi életérzés találkozik. A NYUGATI TÁRHEZ KÖZEL, FELÚJÍTOTT, EMELETI LAKÁSOK ELADÓK!!! AZ V. KERÜLETBEN, ÚJ LIPÓTVÁROS kedvelt részén, kerültek kialakításra egy 30 m2-s, amerikai...",CDC Báthory,https://ingatlanok.hu/elado/lakas/budapest_v_ker/37-millio-ft;30-negyzetmeter;1-1-szoba;tegla-epitesu/9721643,2019-10-10
9729336,32.0,1.0,Tégla,39900000.0,"3 az 1-ben! Tökéletes befektetés, ahol a modern stílus, és a belvárosi életérzés találkozik. A NYUGATI TÉRHEZ KÖZEL, FELÚJÍTOTT, EMELETI LAKÁSOK ELADÓK!!! AZ V. KERÜLETBEN, ÚJ LIPÓTVÁROS kedvelt részén, kerültek kialakításra egy 30 m2-s, amerikai...",CDC Ingatlan IV.Ker. Szita Ingatlan Kft.,https://ingatlanok.hu/elado/lakas/budapest_v_ker/37-millio-ft;30-negyzetmeter;1-1-szoba;tegla-epitesu/9721643,2019-10-10
9739324,25.0,1.0,Nincs,22900000.0,"A belváros szívében, teljesen felújított, álló galériával rendelkező, költözhető állapotú studio lakás alacsony fenntartási költséggel eladó.
A környéken rengeteg bolt, kávézó, illetve vendéglátó egység található. Az elhelyezkedés...",Tecnocasa,https://ingatlanok.hu/elado/lakas/budapest_v_ker/37-millio-ft;30-negyzetmeter;1-1-szoba;tegla-epitesu/9721643,2019-10-10
9761402,27.0,2.0,Tégla,23500000.0,"ELADÓ az 5.kerületben, a Jászai és a Nyugati tér között egy udvari bejárattal rendelkező, LAKÁSCÉLRA (így akár rövid- vagy hosszútávú kiadásra) IS KIALAKÍTHATÓ ingatlan.
A helyiség belső két szintes (15 nm alapterület+ 12 nm galéria), összesen...",Gold House Ingatlaniroda,https://ingatlanok.hu/elado/lakas/budapest_v_ker/37-millio-ft;30-negyzetmeter;1-1-szoba;tegla-epitesu/9721643,2019-10-10
9739093,30.0,1.0,Nincs,43300000.0,"Budapest, 5th district, Vaci street, 30 m2 135.000 Euro
Vaci-street,sunny studio&balcony,view,newly furnished,internet,AC (5thVaci-utca,Ferencziek-tere,Main-Market)
5th-Vaci-street,sunny studio&balcony,view,newly furnished,internet
-near...",,https://ingatlanok.hu/elado/lakas/budapest_v_ker/37-millio-ft;30-negyzetmeter;1-1-szoba;tegla-epitesu/9721643,2019-10-10
9738947,30.0,1.0,Nincs,43300000.0,"Budapest, 5th district, Vaci street, 30 m2 130.000 Euro
Vaci-street,sunny studio&balcony,view,newly furnished,internet,AC (5thVaci-utca,Ferencziek-tere,Main-Market)
5th-Vaci-street,sunny studio&balcony,view,newly furnished,internet
-near...",,https://ingatlanok.hu/elado/lakas/budapest_v_ker/37-millio-ft;30-negyzetmeter;1-1-szoba;tegla-epitesu/9721643,2019-10-10
9738993,29.0,1.0,Nincs,33500000.0,"Váci utca sarkán, frekventált helyen, jó állapotú társasházban lévő, udvari nézetű lakás. Állapotát tekintve a hidegburkolatok közepes állapotúak, a szobában eredeti parketta van és karbantartott nyílászárók. A lakás alacsony fenntartási...",Tecnocasa,https://ingatlanok.hu/elado/lakas/budapest_v_ker/37-millio-ft;30-negyzetmeter;1-1-szoba;tegla-epitesu/9721643,2019-10-10
9352021,26.0,1.0,Tégla,28600000.0,"Budapest V. kerületének központi közkedvelt részén, ötemeletes téglaépítésű társasház 2. emeletén, 26nm-es lakás eladó.
Az ingatlan falai fiatalos, halvány színekre lettek festve.
Szobái magas kopásállóságú és jó állapotban lévő laminált...",GREAT HOME,https://ingatlanok.hu/elado/lakas/budapest_v_ker/37-millio-ft;30-negyzetmeter;1-1-szoba;tegla-epitesu/9721643,2019-10-10
9737619,32.0,1.0,Tégla,39900000.0,"3 az 1-ben! Tökéletes befektetés, ahol a modern stílus, és a belvárosi életérzés találkozik. A NYUGATI TÉRHEZ KÖZEL, FELÚJÍTOTT, EMELETI LAKÁSOK ELADÓK!!! AZ V. KERÜLETBEN, LIPÓTVÁROS kedvelt részén, kerültek kialakításra egy 30 m2-s, amerikai...",CDC Ingatlan IV.Ker. Szita Ingatlan Kft.,https://ingatlanok.hu/elado/lakas/budapest_v_ker/37-millio-ft;30-negyzetmeter;1-1-szoba;tegla-epitesu/9721643,2019-10-10
9762610,30.0,1.0,Tégla,37500000.0,"3 az 1-ben! Tökéletes befektetés, ahol a modern stílus, és a belvárosi életérzés találkozik. A NYUGATI TÁRHEZ KÖZEL, FELÚJÍTOTT, EMELETI LAKÁSOK ELADÓK!!! AZ V. KERÜLETBEN, LIPÓTVÁROS kedvelt részén, kerültek kialakításra egy 30 m2-s, amerikai...",CDC Ingatlan IV.Ker. Szita Ingatlan Kft.,https://ingatlanok.hu/elado/lakas/budapest_v_ker/37-millio-ft;30-negyzetmeter;1-1-szoba;tegla-epitesu/9721643,2019-10-10
9737301,30.0,1.0,Tégla,37500000.0,"3 az 1-ben! Tökéletes befektetés, ahol a modern stílus, és a belvárosi életérzés találkozik. A NYUGATI TÁRHEZ KÖZEL, FELÚJÍTOTT, EMELETI LAKÁSOK ELADÓK!!! AZ V. KERÜLETBEN, LIPÓTVÁROS kedvelt részén, kerültek kialakításra egy 30 m2-s, amerikai...",CDC Ingatlan IV.Ker. Szita Ingatlan Kft.,https://ingatlanok.hu/elado/lakas/budapest_v_ker/37-millio-ft;30-negyzetmeter;1-1-szoba;tegla-epitesu/9721643,2019-10-10
9729036,30.0,1.0,Tégla,37500000.0,"3 az 1-ben! Tökéletes befektetés, ahol a modern stílus, és a belvárosi életérzés találkozik. A NYUGATI TÁRHEZ KÖZEL, FELÚJÍTOTT, EMELETI LAKÁSOK ELADÓK!!! AZ V. KERÜLETBEN, ÚJ LIPÓTVÁROS kedvelt részén, kerültek kialakításra egy 30 m2-s, amerikai...",CDC Ingatlan IV.Ker. Szita Ingatlan Kft.,https://ingatlanok.hu/elado/lakas/budapest_v_ker/37-millio-ft;30-negyzetmeter;1-1-szoba;tegla-epitesu/9721643,2019-10-10
9603730,33.0,1.0,Tégla,44300000.0,"EGYETEMISTÁK - BEFEKTETŐK- ELSŐ LAKÁSUKAT KERESŐK FIGYELEM!!!
Budapest 3 nagy egyetemének ( BME, Corvinus, ELTE ) közvetlen közelében kínálok eldásra egy igazi kis garzont, mely nem mellesleg gyönyörű PANORÁMÁVAL is meg van áldva!
A lakás...",,https://ingatlanok.hu/elado/lakas/budapest_v_ker/37-millio-ft;30-negyzetmeter;1-1-szoba;tegla-epitesu/9721643,2019-10-10
9728848,30.0,1.0,Tégla,37500000.0,"3 az 1-ben! Tökéletes befektetés, ahol a modern stílus, és a belvárosi életérzés találkozik. A NYUGATI TÁRHEZ KÖZEL, FELÚJÍTOTT, EMELETI LAKÁSOK ELADÓK!!! AZ V. KERÜLETBEN, ÚJ LIPÓTVÁROS kedvelt részén, kerültek kialakításra egy 30 m2-s, amerikai...",Cdci Teréz krt-i iroda,https://ingatlanok.hu/elado/lakas/budapest_v_ker/37-millio-ft;30-negyzetmeter;1-1-szoba;tegla-epitesu/9721643,2019-10-10
9286302,30.0,0.0,Tégla,43000000.0,"Eladó az V. kerületben egyedülálló panorámával rendelkező 6.emeleti 30 nm es lakás a
Liftes, rendezett épületben található a lakás.
Óriási ablakokból élvezheti a csodálatos kilátást, Deák tér -Hild tér parkot, a Szent István Bazilikát, Budapest...",Gold House Ingatlaniroda,https://ingatlanok.hu/elado/lakas/budapest_v_ker/37-millio-ft;30-negyzetmeter;1-1-szoba;tegla-epitesu/9721643,2019-10-10
9691179,29.0,1.0,Tégla,34900000.0,"Eladó a Belváros szívében, közel a Bazilikához egy 20nm-es lakás!
Jelenleg hosszútávra ki van adva, Budapest egyik legcsodálatosabb környékén, a Hercegprímás utcában, ez a földszinten található 20 nm-es (+9 nm galéria) igényesen felújított és...",Gold House Ingatlaniroda,https://ingatlanok.hu/elado/lakas/budapest_v_ker/37-millio-ft;30-negyzetmeter;1-1-szoba;tegla-epitesu/9721643,2019-10-10
9726534,32.0,1.0,Tégla,39900000.0,"3 az 1-ben! Tökéletes befektetés, ahol a modern stílus, és a belvárosi életérzés találkozik. A NYUGATI TÉRHEZ KÖZEL, FELÚJÍTOTT, EMELETI LAKÁSOK ELADÓK!!! AZ V. KERÜLETBEN, ÚJ LIPÓTVÁROS kedvelt részén, kerültek kialakításra egy 30 m2-s, amerikai...",CDC Bokréta,https://ingatlanok.hu/elado/lakas/budapest_v_ker/37-millio-ft;30-negyzetmeter;1-1-szoba;tegla-epitesu/9721643,2019-10-10
9608119,27.0,2.0,Tégla,22700000.0,"*** V. KERÜLETI, BELSŐUDVAROS LAKÁS ELADÓ A SZENT ISTVÁN KÖRÚTON ***
Eladásra kínálok egy, tulajdoni lap szerint 27m2, két szintes (13,5+13,5m2) felújítandó garzont. Elhelyezkedése a Nyugati tér és a Jászai Mari tér között , a körúton van....",,https://ingatlanok.hu/elado/lakas/budapest_v_ker/37-millio-ft;30-negyzetmeter;1-1-szoba;tegla-epitesu/9721643,2019-10-10
9744403,32.0,1.0,Tégla,39900000.0,Kiváló elosztású 1 szoba + galériás lakást kínálunk megvételre az V. kerületben. Az ingatlan a Vígszínháztól 1 perc sétára található.Második emeleti elhelyezkedésének és utcai tájolásának köszönhetően egész nap világos. A hasznos területet egy 5...,,https://ingatlanok.hu/elado/lakas/budapest_v_ker/37-millio-ft;30-negyzetmeter;1-1-szoba;tegla-epitesu/9721643,2019-10-10
9745171,30.0,1.0,Tégla,37500000.0,"3 az 1-ben! Tökéletes befektetés, ahol a modern stílus, és a belvárosi életérzés találkozik. A NYUGATI TÁRHEZ KÖZEL, FELÚJÍTOTT, EMELETI LAKÁSOK ELADÓK!!! AZ V. KERÜLETBEN, LIPÓTVÁROS kedvelt részén, kerültek kialakításra egy 30 m2-s, amerikai...",CDC Bokréta,https://ingatlanok.hu/elado/lakas/budapest_v_ker/37-millio-ft;30-negyzetmeter;1-1-szoba;tegla-epitesu/9721643,2019-10-10
9752859,32.0,1.0,Tégla,39900000.0,"3 az 1-ben! Tökéletes befektetés, ahol a modern stílus, és a belvárosi életérzés találkozik. A NYUGATI TÉRHEZ KÖZEL, FELÚJÍTOTT, EMELETI LAKÁSOK ELADÓK!!! AZ V. KERÜLETBEN, LIPÓTVÁROS kedvelt részén, kerültek kialakításra egy 30 m2-s, amerikai...",CDC Bokréta,https://ingatlanok.hu/elado/lakas/budapest_v_ker/37-millio-ft;30-negyzetmeter;1-1-szoba;tegla-epitesu/9721643,2019-10-10
9744402,30.0,1.0,Tégla,37500000.0,"Kiváló elosztású 1+1 szobás lakást kínálunk megvételre az V. kerületben. Az ingatlan a Vígszínháztól 1 perc sétára található. Felújítása jelenleg is zajlik, átadása Október 15. A lakás teljes körű felújításon esik át, melynek keretében a...",,https://ingatlanok.hu/elado/lakas/budapest_v_ker/37-millio-ft;30-negyzetmeter;1-1-szoba;tegla-epitesu/9721643,2019-10-10
9618092,27.0,2.0,Tégla,22700000.0,"*** V. KERÜLETI, BELSŐUDVAROS LAKÁS ELADÓ A SZENT ISTVÁN KÖRÚTON ***
Eladásra kínálok egy, tulajdoni lap szerint 27m2, két szintes (13,5+13,5m2) felújítandó garzont. Elhelyezkedése a Nyugati tér és a Jászai Mari tér között , a körúton van....",OTP Ingatlanpont Szépvölgyi út,https://ingatlanok.hu/elado/lakas/budapest_v_ker/37-millio-ft;30-negyzetmeter;1-1-szoba;tegla-epitesu/9721643,2019-10-10
9758952,32.0,1.0,Tégla,39900000.0,"3 az 1-ben! Tökéletes befektetés, ahol a modern stílus, és a belvárosi életérzés találkozik. A NYUGATI TÉRHEZ KÖZEL, FELÚJÍTOTT, EMELETI LAKÁSOK ELADÓK!!! AZ V. KERÜLETBEN, ÚJ LIPÓTVÁROS kedvelt részén, kerültek kialakításra egy 30 m2-s, amerikai...",Cdci Teréz krt-i iroda,https://ingatlanok.hu/elado/lakas/budapest_v_ker/37-millio-ft;30-negyzetmeter;1-1-szoba;tegla-epitesu/9721643,2019-10-10
9674865,31.0,1.0,Tégla,26990000.0,"A Világörökség részeként ismert és közkedvelt Belgrád rakpart és a népszerű Váci utca között, a díszburkolattal ellátott Molnár utcában, egy 1909-ben épült, szép házban, eladásra kínálunk egy 30nm-es, azonnal költözhető garzonlakást, jó...",Homexpress Ingatlaniroda,https://ingatlanok.hu/elado/lakas/budapest_v_ker/37-millio-ft;30-negyzetmeter;1-1-szoba;tegla-epitesu/9721643,2019-10-10
9737329,32.0,1.0,Tégla,39900000.0,"3 az 1-ben! Tökéletes befektetés, ahol a modern stílus, és a belvárosi életérzés találkozik. A NYUGATI TÉRHEZ KÖZEL, FELÚJÍTOTT, EMELETI LAKÁSOK ELADÓK!!! AZ V. KERÜLETBEN, LIPÓTVÁROS kedvelt részén, kerültek kialakításra egy 30 m2-s, amerikai...",CDC Ingatlan IV.Ker. Szita Ingatlan Kft.,https://ingatlanok.hu/elado/lakas/budapest_v_ker/39-millio-ft;32-negyzetmeter;1-szoba;tegla-epitesu/9737329,2019-10-14
9766646,30.0,1.0,Tégla,37500000.0,"V. kerületben, a Szent István körúton eladó 3 db, udvari és utcai nézetű, igényesen felújított apartman lakás:
30 m2-s, amerikai konyhás nappalis + 1 félszobás;
32 m2-s amerikai konyhás nappali + 6 m2 galériás;
20 m2-s amerikai konyhás...",CDC Ingatlan IV.Ker. Szita Ingatlan Kft.,https://ingatlanok.hu/elado/lakas/budapest_v_ker/39-millio-ft;32-negyzetmeter;1-szoba;tegla-epitesu/9737329,2019-10-14
9737619,32.0,1.0,Tégla,39900000.0,"3 az 1-ben! Tökéletes befektetés, ahol a modern stílus, és a belvárosi életérzés találkozik. A NYUGATI TÉRHEZ KÖZEL, FELÚJÍTOTT, EMELETI LAKÁSOK ELADÓK!!! AZ V. KERÜLETBEN, LIPÓTVÁROS kedvelt részén, kerültek kialakításra egy 30 m2-s, amerikai...",CDC Ingatlan IV.Ker. Szita Ingatlan Kft.,https://ingatlanok.hu/elado/lakas/budapest_v_ker/39-millio-ft;32-negyzetmeter;1-szoba;tegla-epitesu/9737329,2019-10-14
9286302,30.0,0.0,Tégla,43000000.0,"Eladó az V. kerületben egyedülálló panorámával rendelkező 6.emeleti 30 nm es lakás a
Liftes, rendezett épületben található a lakás.
Óriási ablakokból élvezheti a csodálatos kilátást, Deák tér -Hild tér parkot, a Szent István Bazilikát, Budapest...",Gold House Ingatlaniroda,https://ingatlanok.hu/elado/lakas/budapest_v_ker/39-millio-ft;32-negyzetmeter;1-szoba;tegla-epitesu/9737329,2019-10-14
9691179,29.0,1.0,Tégla,34900000.0,"Eladó a Belváros szívében, közel a Bazilikához egy 20nm-es lakás!
Jelenleg hosszútávra ki van adva, Budapest egyik legcsodálatosabb környékén, a Hercegprímás utcában, ez a földszinten található 20 nm-es (+9 nm galéria) igényesen felújított és...",Gold House Ingatlaniroda,https://ingatlanok.hu/elado/lakas/budapest_v_ker/39-millio-ft;32-negyzetmeter;1-szoba;tegla-epitesu/9737329,2019-10-14
9726534,32.0,1.0,Tégla,39900000.0,"3 az 1-ben! Tökéletes befektetés, ahol a modern stílus, és a belvárosi életérzés találkozik. A NYUGATI TÉRHEZ KÖZEL, FELÚJÍTOTT, EMELETI LAKÁSOK ELADÓK!!! AZ V. KERÜLETBEN, ÚJ LIPÓTVÁROS kedvelt részén, kerültek kialakításra egy 30 m2-s, amerikai...",CDC Bokréta,https://ingatlanok.hu/elado/lakas/budapest_v_ker/39-millio-ft;32-negyzetmeter;1-szoba;tegla-epitesu/9737329,2019-10-14
9608119,27.0,2.0,Tégla,22700000.0,"*** V. KERÜLETI, BELSŐUDVAROS LAKÁS ELADÓ A SZENT ISTVÁN KÖRÚTON ***
Eladásra kínálok egy, tulajdoni lap szerint 27m2, két szintes (13,5+13,5m2) felújítandó garzont. Elhelyezkedése a Nyugati tér és a Jászai Mari tér között , a körúton van....",,https://ingatlanok.hu/elado/lakas/budapest_v_ker/39-millio-ft;32-negyzetmeter;1-szoba;tegla-epitesu/9737329,2019-10-14
9744984,32.0,1.0,Tégla,39900000.0,"3 az 1-ben! Tökéletes befektetés, ahol a modern stílus, és a belvárosi életérzés találkozik. A NYUGATI TÉRHEZ KÖZEL, FELÚJÍTOTT, EMELETI LAKÁSOK ELADÓK!!! AZ V. KERÜLETBEN, LIPÓTVÁROS kedvelt részén, kerültek kialakításra egy 30 m2-s, amerikai...",CDC Bokréta,https://ingatlanok.hu/elado/lakas/budapest_v_ker/39-millio-ft;32-negyzetmeter;1-szoba;tegla-epitesu/9737329,2019-10-14
9744402,30.0,1.0,Tégla,37500000.0,"Kiváló elosztású 1+1 szobás lakást kínálunk megvételre az V. kerületben. Az ingatlan a Vígszínháztól 1 perc sétára található. Felújítása jelenleg is zajlik, átadása Október 15. A lakás teljes körű felújításon esik át, melynek keretében a...",,https://ingatlanok.hu/elado/lakas/budapest_v_ker/39-millio-ft;32-negyzetmeter;1-szoba;tegla-epitesu/9737329,2019-10-14
9744403,32.0,1.0,Tégla,39900000.0,Kiváló elosztású 1 szoba + galériás lakást kínálunk megvételre az V. kerületben. Az ingatlan a Vígszínháztól 1 perc sétára található.Második emeleti elhelyezkedésének és utcai tájolásának köszönhetően egész nap világos. A hasznos területet egy 5...,,https://ingatlanok.hu/elado/lakas/budapest_v_ker/39-millio-ft;32-negyzetmeter;1-szoba;tegla-epitesu/9737329,2019-10-14
9745171,30.0,1.0,Tégla,37500000.0,"3 az 1-ben! Tökéletes befektetés, ahol a modern stílus, és a belvárosi életérzés találkozik. A NYUGATI TÁRHEZ KÖZEL, FELÚJÍTOTT, EMELETI LAKÁSOK ELADÓK!!! AZ V. KERÜLETBEN, LIPÓTVÁROS kedvelt részén, kerültek kialakításra egy 30 m2-s, amerikai...",CDC Bokréta,https://ingatlanok.hu/elado/lakas/budapest_v_ker/39-millio-ft;32-negyzetmeter;1-szoba;tegla-epitesu/9737329,2019-10-14
9721643,30.0,1.0,Tégla,37500000.0,"3 az 1-ben! Tökéletes befektetés, ahol a modern stílus, és a belvárosi életérzés találkozik. A NYUGATI TÁRHEZ KÖZEL, FELÚJÍTOTT, EMELETI LAKÁSOK ELADÓK!!! AZ V. KERÜLETBEN, ÚJ LIPÓTVÁROS kedvelt részén, kerültek kialakításra egy 30 m2-s, amerikai...",CDC Báthory,https://ingatlanok.hu/elado/lakas/budapest_v_ker/39-millio-ft;32-negyzetmeter;1-szoba;tegla-epitesu/9737329,2019-10-14
9720076,32.0,1.0,Tégla,39900000.0,"3 az 1-ben! Tökéletes befektetés, ahol a modern stílus, és a belvárosi életérzés találkozik. A NYUGATI TÉRHEZ KÖZEL, FELÚJÍTOTT, EMELETI LAKÁSOK ELADÓK!!! AZ V. KERÜLETBEN, ÚJ LIPÓTVÁROS kedvelt részén, kerültek kialakításra egy 30 m2-s, amerikai...",CDC Báthory,https://ingatlanok.hu/elado/lakas/budapest_v_ker/39-millio-ft;32-negyzetmeter;1-szoba;tegla-epitesu/9737329,2019-10-14
9729050,32.0,1.0,Tégla,39900000.0,"3 az 1-ben! Tökéletes befektetés, ahol a modern stílus, és a belvárosi életérzés találkozik. A NYUGATI TÉRHEZ KÖZEL, FELÚJÍTOTT, EMELETI LAKÁSOK ELADÓK!!! AZ V. KERÜLETBEN, ÚJ LIPÓTVÁROS kedvelt részén, kerültek kialakításra egy 30 m2-s, amerikai...",Cdci Teréz krt-i iroda,https://ingatlanok.hu/elado/lakas/budapest_v_ker/39-millio-ft;32-negyzetmeter;1-szoba;tegla-epitesu/9737329,2019-10-14
9752859,32.0,1.0,Tégla,39900000.0,"3 az 1-ben! Tökéletes befektetés, ahol a modern stílus, és a belvárosi életérzés találkozik. A NYUGATI TÉRHEZ KÖZEL, FELÚJÍTOTT, EMELETI LAKÁSOK ELADÓK!!! AZ V. KERÜLETBEN, LIPÓTVÁROS kedvelt részén, kerültek kialakításra egy 30 m2-s, amerikai...",CDC Bokréta,https://ingatlanok.hu/elado/lakas/budapest_v_ker/39-millio-ft;32-negyzetmeter;1-szoba;tegla-epitesu/9737329,2019-10-14
9721913,30.0,1.0,Tégla,37500000.0,"3 az 1-ben! Tökéletes befektetés, ahol a modern stílus, és a belvárosi életérzés találkozik. A NYUGATI TÁRHEZ KÖZEL, FELÚJÍTOTT, EMELETI LAKÁSOK ELADÓK!!! AZ V. KERÜLETBEN, ÚJ LIPÓTVÁROS kedvelt részén, kerültek kialakításra egy 30 m2-s, amerikai...",CDC Ingatlan IV.Ker. Szita Ingatlan Kft.,https://ingatlanok.hu/elado/lakas/budapest_v_ker/39-millio-ft;32-negyzetmeter;1-szoba;tegla-epitesu/9737329,2019-10-14
9721839,30.0,1.0,Tégla,37500000.0,"3 az 1-ben! Tökéletes befektetés, ahol a modern stílus, és a belvárosi életérzés találkozik. A NYUGATI TÁRHEZ KÖZEL, FELÚJÍTOTT, EMELETI LAKÁSOK ELADÓK!!! AZ V. KERÜLETBEN, ÚJ LIPÓTVÁROS kedvelt részén, kerültek kialakításra egy 30 m2-s, amerikai...",Cdci Teréz krt-i iroda,https://ingatlanok.hu/elado/lakas/budapest_v_ker/39-millio-ft;32-negyzetmeter;1-szoba;tegla-epitesu/9737329,2019-10-14
9630578,33.0,1.0,Tégla,44300000.0,"EGYETEMISTÁK - BEFEKTETŐK- ELSŐ LAKÁSUKAT KERESŐK FIGYELEM!!!
Budapest 3 nagy egyetemének ( BME, Corvinus, ELTE ) közvetlen közelében kínálok eldásra egy igazi kis garzont, mely nem mellesleg gyönyörű PANORÁMÁVAL is meg van áldva!
A lakás...",GDN Ingatlaniroda.,https://ingatlanok.hu/elado/lakas/budapest_v_ker/39-millio-ft;32-negyzetmeter;1-szoba;tegla-epitesu/9737329,2019-10-14
9752840,30.0,1.0,Tégla,37500000.0,"3 az 1-ben! Tökéletes befektetés, ahol a modern stílus, és a belvárosi életérzés találkozik. A NYUGATI TÁRHEZ KÖZEL, FELÚJÍTOTT, EMELETI LAKÁSOK ELADÓK!!! AZ V. KERÜLETBEN, LIPÓTVÁROS kedvelt részén, kerültek kialakításra egy 30 m2-s, amerikai...",CDC Bokréta,https://ingatlanok.hu/elado/lakas/budapest_v_ker/39-millio-ft;32-negyzetmeter;1-szoba;tegla-epitesu/9737329,2019-10-14
9721732,32.0,1.0,Tégla,39900000.0,"3 az 1-ben! Tökéletes befektetés, ahol a modern stílus, és a belvárosi életérzés találkozik. A NYUGATI TÉRHEZ KÖZEL, FELÚJÍTOTT, EMELETI LAKÁSOK ELADÓK!!! AZ V. KERÜLETBEN, ÚJ LIPÓTVÁROS kedvelt részén, kerültek kialakításra egy 30 m2-s, amerikai...",CDC Báthory,https://ingatlanok.hu/elado/lakas/budapest_v_ker/39-millio-ft;32-negyzetmeter;1-szoba;tegla-epitesu/9737329,2019-10-14
9752059,32.0,1.0,Tégla,39900000.0,"Tökéletes befektetés, ahol a modern stílus, és a belvárosi életérzés találkozik.
A NYUGATI TÉRHEZ KÖZEL, FELÚJÍTOTT, EMELETI LAKÁSOK ELADÓK!!! AZ V. KERÜLETBEN, LIPÓTVÁROS kedvelt részén, kerültek kialakításra egy 30 m2-s, amerikai konyhás...",CDC Ingatlan IV.Ker. Szita Ingatlan Kft.,https://ingatlanok.hu/elado/lakas/budapest_v_ker/39-millio-ft;32-negyzetmeter;1-szoba;tegla-epitesu/9737329,2019-10-14
9719876,30.0,1.0,Tégla,37500000.0,"3 az 1-ben! Tökéletes befektetés, ahol a modern stílus, és a belvárosi életérzés találkozik. A NYUGATI TÁRHEZ KÖZEL, FELÚJÍTOTT, EMELETI LAKÁSOK ELADÓK!!! AZ V. KERÜLETBEN, ÚJ LIPÓTVÁROS kedvelt részén, kerültek kialakításra egy 30 m2-s, amerikai...",CDC Báthory,https://ingatlanok.hu/elado/lakas/budapest_v_ker/39-millio-ft;32-negyzetmeter;1-szoba;tegla-epitesu/9737329,2019-10-14
9721878,32.0,1.0,Tégla,39900000.0,"3 az 1-ben! Tökéletes befektetés, ahol a modern stílus, és a belvárosi életérzés találkozik. A NYUGATI TÉRHEZ KÖZEL, FELÚJÍTOTT, EMELETI LAKÁSOK ELADÓK!!! AZ V. KERÜLETBEN, ÚJ LIPÓTVÁROS kedvelt részén, kerültek kialakításra egy 30 m2-s, amerikai...",CDC Ingatlan IV.Ker. Szita Ingatlan Kft.,https://ingatlanok.hu/elado/lakas/budapest_v_ker/39-millio-ft;32-negyzetmeter;1-szoba;tegla-epitesu/9737329,2019-10-14
9739324,25.0,1.0,Nincs,22900000.0,"A belváros szívében, teljesen felújított, álló galériával rendelkező, költözhető állapotú studio lakás alacsony fenntartási költséggel eladó.
A környéken rengeteg bolt, kávézó, illetve vendéglátó egység található. Az elhelyezkedés...",Tecnocasa,https://ingatlanok.hu/elado/lakas/budapest_v_ker/39-millio-ft;32-negyzetmeter;1-szoba;tegla-epitesu/9737329,2019-10-14
9761402,27.0,2.0,Tégla,23500000.0,"ELADÓ az 5.kerületben, a Jászai és a Nyugati tér között egy udvari bejárattal rendelkező, LAKÁSCÉLRA (így akár rövid- vagy hosszútávú kiadásra) IS KIALAKÍTHATÓ ingatlan.
A helyiség belső két szintes (15 nm alapterület+ 12 nm galéria), összesen...",Gold House Ingatlaniroda,https://ingatlanok.hu/elado/lakas/budapest_v_ker/39-millio-ft;32-negyzetmeter;1-szoba;tegla-epitesu/9737329,2019-10-14
9739093,30.0,1.0,Nincs,43300000.0,"Budapest, 5th district, Vaci street, 30 m2 135.000 Euro
Vaci-street,sunny studio&balcony,view,newly furnished,internet,AC (5thVaci-utca,Ferencziek-tere,Main-Market)
5th-Vaci-street,sunny studio&balcony,view,newly furnished,internet
-near...",,https://ingatlanok.hu/elado/lakas/budapest_v_ker/39-millio-ft;32-negyzetmeter;1-szoba;tegla-epitesu/9737329,2019-10-14
9738947,30.0,1.0,Nincs,43300000.0,"Budapest, 5th district, Vaci street, 30 m2 130.000 Euro
Vaci-street,sunny studio&balcony,view,newly furnished,internet,AC (5thVaci-utca,Ferencziek-tere,Main-Market)
5th-Vaci-street,sunny studio&balcony,view,newly furnished,internet
-near...",,https://ingatlanok.hu/elado/lakas/budapest_v_ker/39-millio-ft;32-negyzetmeter;1-szoba;tegla-epitesu/9737329,2019-10-14
9738993,29.0,1.0,Nincs,33500000.0,"Váci utca sarkán, frekventált helyen, jó állapotú társasházban lévő, udvari nézetű lakás. Állapotát tekintve a hidegburkolatok közepes állapotúak, a szobában eredeti parketta van és karbantartott nyílászárók. A lakás alacsony fenntartási...",Tecnocasa,https://ingatlanok.hu/elado/lakas/budapest_v_ker/39-millio-ft;32-negyzetmeter;1-szoba;tegla-epitesu/9737329,2019-10-14
9352021,26.0,1.0,Tégla,28600000.0,"Budapest V. kerületének központi közkedvelt részén, ötemeletes téglaépítésű társasház 2. emeletén, 26nm-es lakás eladó.
Az ingatlan falai fiatalos, halvány színekre lettek festve.
Szobái magas kopásállóságú és jó állapotban lévő laminált...",GREAT HOME,https://ingatlanok.hu/elado/lakas/budapest_v_ker/39-millio-ft;32-negyzetmeter;1-szoba;tegla-epitesu/9737329,2019-10-14
9603730,33.0,1.0,Tégla,44300000.0,"EGYETEMISTÁK - BEFEKTETŐK- ELSŐ LAKÁSUKAT KERESŐK FIGYELEM!!!
Budapest 3 nagy egyetemének ( BME, Corvinus, ELTE ) közvetlen közelében kínálok eldásra egy igazi kis garzont, mely nem mellesleg gyönyörű PANORÁMÁVAL is meg van áldva!
A lakás...",,https://ingatlanok.hu/elado/lakas/budapest_v_ker/39-millio-ft;32-negyzetmeter;1-szoba;tegla-epitesu/9737329,2019-10-14
9728848,30.0,1.0,Tégla,37500000.0,"3 az 1-ben! Tökéletes befektetés, ahol a modern stílus, és a belvárosi életérzés találkozik. A NYUGATI TÁRHEZ KÖZEL, FELÚJÍTOTT, EMELETI LAKÁSOK ELADÓK!!! AZ V. KERÜLETBEN, ÚJ LIPÓTVÁROS kedvelt részén, kerültek kialakításra egy 30 m2-s, amerikai...",Cdci Teréz krt-i iroda,https://ingatlanok.hu/elado/lakas/budapest_v_ker/39-millio-ft;32-negyzetmeter;1-szoba;tegla-epitesu/9737329,2019-10-14
9618092,27.0,2.0,Tégla,22700000.0,"*** V. KERÜLETI, BELSŐUDVAROS LAKÁS ELADÓ A SZENT ISTVÁN KÖRÚTON ***
Eladásra kínálok egy, tulajdoni lap szerint 27m2, két szintes (13,5+13,5m2) felújítandó garzont. Elhelyezkedése a Nyugati tér és a Jászai Mari tér között , a körúton van....",OTP Ingatlanpont Szépvölgyi út,https://ingatlanok.hu/elado/lakas/budapest_v_ker/39-millio-ft;32-negyzetmeter;1-szoba;tegla-epitesu/9737329,2019-10-14
9737873,32.0,1.0,Tégla,39900000.0,"3 az 1-ben! Tökéletes befektetés, ahol a modern stílus, és a belvárosi életérzés találkozik. A NYUGATI TÉRHEZ KÖZEL, FELÚJÍTOTT, EMELETI LAKÁSOK ELADÓK!!! AZ V. KERÜLETBEN, ÚJ LIPÓTVÁROS kedvelt részén, kerültek kialakításra egy 30 m2-s, amerikai...",CDC Báthory,https://ingatlanok.hu/elado/lakas/budapest_v_ker/39-millio-ft;32-negyzetmeter;1-szoba;tegla-epitesu/9737329,2019-10-14
9762857,32.0,1.0,Tégla,39900000.0,"3 az 1-ben! Tökéletes befektetés, ahol a modern stílus, és a belvárosi életérzés találkozik. A NYUGATI TÉRHEZ KÖZEL, FELÚJÍTOTT, EMELETI LAKÁSOK ELADÓK!!! AZ V. KERÜLETBEN, LIPÓTVÁROS kedvelt részén, kerültek kialakításra egy 30 m2-s, amerikai...",CDC Ingatlan IV.Ker. Szita Ingatlan Kft.,https://ingatlanok.hu/elado/lakas/budapest_v_ker/39-millio-ft;32-negyzetmeter;1-szoba;tegla-epitesu/9737329,2019-10-14
9737704,30.0,1.0,Tégla,37500000.0,"3 az 1-ben! Tökéletes befektetés, ahol a modern stílus, és a belvárosi életérzés találkozik. A NYUGATI TÁRHEZ KÖZEL, FELÚJÍTOTT, EMELETI LAKÁSOK ELADÓK!!! AZ V. KERÜLETBEN, ÚJ LIPÓTVÁROS kedvelt részén, kerültek kialakításra egy 30 m2-s, amerikai...",CDC Báthory,https://ingatlanok.hu/elado/lakas/budapest_v_ker/39-millio-ft;32-negyzetmeter;1-szoba;tegla-epitesu/9737329,2019-10-14
9674865,31.0,1.0,Tégla,26990000.0,"A Világörökség részeként ismert és közkedvelt Belgrád rakpart és a népszerű Váci utca között, a díszburkolattal ellátott Molnár utcában, egy 1909-ben épült, szép házban, eladásra kínálunk egy 30nm-es, azonnal költözhető garzonlakást, jó...",Homexpress Ingatlaniroda,https://ingatlanok.hu/elado/lakas/budapest_v_ker/39-millio-ft;32-negyzetmeter;1-szoba;tegla-epitesu/9737329,2019-10-14
9729336,32.0,1.0,Tégla,39900000.0,"3 az 1-ben! Tökéletes befektetés, ahol a modern stílus, és a belvárosi életérzés találkozik. A NYUGATI TÉRHEZ KÖZEL, FELÚJÍTOTT, EMELETI LAKÁSOK ELADÓK!!! AZ V. KERÜLETBEN, ÚJ LIPÓTVÁROS kedvelt részén, kerültek kialakításra egy 30 m2-s, amerikai...",CDC Ingatlan IV.Ker. Szita Ingatlan Kft.,https://ingatlanok.hu/elado/lakas/budapest_v_ker/39-millio-ft;32-negyzetmeter;1-szoba;tegla-epitesu/9729336,2019-10-21
9762857,32.0,1.0,Tégla,39900000.0,"3 az 1-ben! Tökéletes befektetés, ahol a modern stílus, és a belvárosi életérzés találkozik. A NYUGATI TÉRHEZ KÖZEL, FELÚJÍTOTT, EMELETI LAKÁSOK ELADÓK!!! AZ V. KERÜLETBEN, LIPÓTVÁROS kedvelt részén, kerültek kialakításra egy 30 m2-s, amerikai...",CDC Ingatlan IV.Ker. Szita Ingatlan Kft.,https://ingatlanok.hu/elado/lakas/budapest_v_ker/39-millio-ft;32-negyzetmeter;1-szoba;tegla-epitesu/9729336,2019-10-21
9286302,30.0,0.0,Tégla,43000000.0,"Eladó az V. kerületben egyedülálló panorámával rendelkező 6.emeleti 30 nm es lakás a
Liftes, rendezett épületben található a lakás.
Óriási ablakokból élvezheti a csodálatos kilátást, Deák tér -Hild tér parkot, a Szent István Bazilikát, Budapest...",Gold House Ingatlaniroda,https://ingatlanok.hu/elado/lakas/budapest_v_ker/39-millio-ft;32-negyzetmeter;1-szoba;tegla-epitesu/9729336,2019-10-21
9785309,32.0,1.0,Tégla,29300000.0,"Megvételre kínálok a Kálvin térnél egy két emeletes társasházban lévő, belső udvarra néző csendes földszinti lakást.
T: 06-20/261-27-81
Kitűnő elhelyezkedés és közlekedés.
Minden ott van a közelben. ( Vásárcsarnok, Múzeumok, Duna...",,https://ingatlanok.hu/elado/lakas/budapest_v_ker/39-millio-ft;32-negyzetmeter;1-szoba;tegla-epitesu/9729336,2019-10-21
9691179,29.0,1.0,Tégla,34900000.0,"Eladó a Belváros szívében, közel a Bazilikához egy 20nm-es lakás!
Jelenleg hosszútávra ki van adva, Budapest egyik legcsodálatosabb környékén, a Hercegprímás utcában, ez a földszinten található 20 nm-es (+9 nm galéria) igényesen felújított és...",Gold House Ingatlaniroda,https://ingatlanok.hu/elado/lakas/budapest_v_ker/39-millio-ft;32-negyzetmeter;1-szoba;tegla-epitesu/9729336,2019-10-21
9608119,27.0,2.0,Tégla,22700000.0,"*** V. KERÜLETI, BELSŐUDVAROS LAKÁS ELADÓ A SZENT ISTVÁN KÖRÚTON ***
Eladásra kínálok egy, tulajdoni lap szerint 27m2, két szintes (13,5+13,5m2) felújítandó garzont. Elhelyezkedése a Nyugati tér és a Jászai Mari tér között , a körúton van....",,https://ingatlanok.hu/elado/lakas/budapest_v_ker/39-millio-ft;32-negyzetmeter;1-szoba;tegla-epitesu/9729336,2019-10-21
9726534,32.0,1.0,Tégla,39900000.0,"3 az 1-ben! Tökéletes befektetés, ahol a modern stílus, és a belvárosi életérzés találkozik. A NYUGATI TÉRHEZ KÖZEL, FELÚJÍTOTT, EMELETI LAKÁSOK ELADÓK!!! AZ V. KERÜLETBEN, ÚJ LIPÓTVÁROS kedvelt részén, kerültek kialakításra egy 30 m2-s, amerikai...",CDC Bokréta,https://ingatlanok.hu/elado/lakas/budapest_v_ker/39-millio-ft;32-negyzetmeter;1-szoba;tegla-epitesu/9729336,2019-10-21
9744984,32.0,1.0,Tégla,39900000.0,"3 az 1-ben! Tökéletes befektetés, ahol a modern stílus, és a belvárosi életérzés találkozik. A NYUGATI TÉRHEZ KÖZEL, FELÚJÍTOTT, EMELETI LAKÁSOK ELADÓK!!! AZ V. KERÜLETBEN, LIPÓTVÁROS kedvelt részén, kerültek kialakításra egy 30 m2-s, amerikai...",CDC Bokréta,https://ingatlanok.hu/elado/lakas/budapest_v_ker/39-millio-ft;32-negyzetmeter;1-szoba;tegla-epitesu/9729336,2019-10-21
9744403,32.0,1.0,Tégla,39900000.0,Kiváló elosztású 1 szoba + galériás lakást kínálunk megvételre az V. kerületben. Az ingatlan a Vígszínháztól 1 perc sétára található.Második emeleti elhelyezkedésének és utcai tájolásának köszönhetően egész nap világos. A hasznos területet egy 5...,,https://ingatlanok.hu/elado/lakas/budapest_v_ker/39-millio-ft;32-negyzetmeter;1-szoba;tegla-epitesu/9729336,2019-10-21
9744402,30.0,1.0,Tégla,37500000.0,"Kiváló elosztású 1+1 szobás lakást kínálunk megvételre az V. kerületben. Az ingatlan a Vígszínháztól 1 perc sétára található. Felújítása jelenleg is zajlik, átadása Október 15. A lakás teljes körű felújításon esik át, melynek keretében a...",,https://ingatlanok.hu/elado/lakas/budapest_v_ker/39-millio-ft;32-negyzetmeter;1-szoba;tegla-epitesu/9729336,2019-10-21
9761402,27.0,2.0,Tégla,23500000.0,"ELADÓ az 5.kerületben, a Jászai és a Nyugati tér között egy udvari bejárattal rendelkező, LAKÁSCÉLRA (így akár rövid- vagy hosszútávú kiadásra) IS KIALAKÍTHATÓ ingatlan.
A helyiség belső két szintes (15 nm alapterület+ 12 nm galéria), összesen...",Gold House Ingatlaniroda,https://ingatlanok.hu/elado/lakas/budapest_v_ker/39-millio-ft;32-negyzetmeter;1-szoba;tegla-epitesu/9729336,2019-10-21
9752859,32.0,1.0,Tégla,39900000.0,"3 az 1-ben! Tökéletes befektetés, ahol a modern stílus, és a belvárosi életérzés találkozik. A NYUGATI TÉRHEZ KÖZEL, FELÚJÍTOTT, EMELETI LAKÁSOK ELADÓK!!! AZ V. KERÜLETBEN, LIPÓTVÁROS kedvelt részén, kerültek kialakításra egy 30 m2-s, amerikai...",CDC Bokréta,https://ingatlanok.hu/elado/lakas/budapest_v_ker/39-millio-ft;32-negyzetmeter;1-szoba;tegla-epitesu/9729336,2019-10-21
9720076,32.0,1.0,Tégla,39900000.0,"3 az 1-ben! Tökéletes befektetés, ahol a modern stílus, és a belvárosi életérzés találkozik. A NYUGATI TÉRHEZ KÖZEL, FELÚJÍTOTT, EMELETI LAKÁSOK ELADÓK!!! AZ V. KERÜLETBEN, ÚJ LIPÓTVÁROS kedvelt részén, kerültek kialakításra egy 30 m2-s, amerikai...",CDC Báthory,https://ingatlanok.hu/elado/lakas/budapest_v_ker/39-millio-ft;32-negyzetmeter;1-szoba;tegla-epitesu/9729336,2019-10-21
9721878,32.0,1.0,Tégla,39900000.0,"3 az 1-ben! Tökéletes befektetés, ahol a modern stílus, és a belvárosi életérzés találkozik. A NYUGATI TÉRHEZ KÖZEL, FELÚJÍTOTT, EMELETI LAKÁSOK ELADÓK!!! AZ V. KERÜLETBEN, ÚJ LIPÓTVÁROS kedvelt részén, kerültek kialakításra egy 30 m2-s, amerikai...",CDC Ingatlan IV.Ker. Szita Ingatlan Kft.,https://ingatlanok.hu/elado/lakas/budapest_v_ker/39-millio-ft;32-negyzetmeter;1-szoba;tegla-epitesu/9729336,2019-10-21
9739324,25.0,1.0,Nincs,22900000.0,"A belváros szívében, teljesen felújított, álló galériával rendelkező, költözhető állapotú studio lakás alacsony fenntartási költséggel eladó.
A környéken rengeteg bolt, kávézó, illetve vendéglátó egység található. Az elhelyezkedés...",Tecnocasa,https://ingatlanok.hu/elado/lakas/budapest_v_ker/39-millio-ft;32-negyzetmeter;1-szoba;tegla-epitesu/9729336,2019-10-21
9721669,32.0,1.0,Tégla,39900000.0,"3 az 1-ben! Tökéletes befektetés, ahol a modern stílus, és a belvárosi életérzés találkozik. A NYUGATI TÉRHEZ KÖZEL, FELÚJÍTOTT, EMELETI LAKÁSOK ELADÓK!!! AZ V. KERÜLETBEN, ÚJ LIPÓTVÁROS kedvelt részén, kerültek kialakításra egy 30 m2-s, amerikai...",Cdci Teréz krt-i iroda,https://ingatlanok.hu/elado/lakas/budapest_v_ker/39-millio-ft;32-negyzetmeter;1-szoba;tegla-epitesu/9729336,2019-10-21
9630578,33.0,1.0,Tégla,44300000.0,"EGYETEMISTÁK - BEFEKTETŐK- ELSŐ LAKÁSUKAT KERESŐK FIGYELEM!!!
Budapest 3 nagy egyetemének ( BME, Corvinus, ELTE ) közvetlen közelében kínálok eldásra egy igazi kis garzont, mely nem mellesleg gyönyörű PANORÁMÁVAL is meg van áldva!
A lakás...",GDN Ingatlaniroda.,https://ingatlanok.hu/elado/lakas/budapest_v_ker/39-millio-ft;32-negyzetmeter;1-szoba;tegla-epitesu/9729336,2019-10-21
9721732,32.0,1.0,Tégla,39900000.0,"3 az 1-ben! Tökéletes befektetés, ahol a modern stílus, és a belvárosi életérzés találkozik. A NYUGATI TÉRHEZ KÖZEL, FELÚJÍTOTT, EMELETI LAKÁSOK ELADÓK!!! AZ V. KERÜLETBEN, ÚJ LIPÓTVÁROS kedvelt részén, kerültek kialakításra egy 30 m2-s, amerikai...",CDC Báthory,https://ingatlanok.hu/elado/lakas/budapest_v_ker/39-millio-ft;32-negyzetmeter;1-szoba;tegla-epitesu/9729336,2019-10-21
9752059,32.0,1.0,Tégla,39900000.0,"Tökéletes befektetés, ahol a modern stílus, és a belvárosi életérzés találkozik.
A NYUGATI TÉRHEZ KÖZEL, FELÚJÍTOTT, EMELETI LAKÁSOK ELADÓK!!! AZ V. KERÜLETBEN, LIPÓTVÁROS kedvelt részén, kerültek kialakításra egy 30 m2-s, amerikai konyhás...",CDC Ingatlan IV.Ker. Szita Ingatlan Kft.,https://ingatlanok.hu/elado/lakas/budapest_v_ker/39-millio-ft;32-negyzetmeter;1-szoba;tegla-epitesu/9729336,2019-10-21
9739093,30.0,1.0,Nincs,43300000.0,"Budapest, 5th district, Vaci street, 30 m2 135.000 Euro
Vaci-street,sunny studio&balcony,view,newly furnished,internet,AC (5thVaci-utca,Ferencziek-tere,Main-Market)
5th-Vaci-street,sunny studio&balcony,view,newly furnished,internet
-near...",,https://ingatlanok.hu/elado/lakas/budapest_v_ker/39-millio-ft;32-negyzetmeter;1-szoba;tegla-epitesu/9729336,2019-10-21
9738947,30.0,1.0,Nincs,43300000.0,"Budapest, 5th district, Vaci street, 30 m2 130.000 Euro
Vaci-street,sunny studio&balcony,view,newly furnished,internet,AC (5thVaci-utca,Ferencziek-tere,Main-Market)
5th-Vaci-street,sunny studio&balcony,view,newly furnished,internet
-near...",,https://ingatlanok.hu/elado/lakas/budapest_v_ker/39-millio-ft;32-negyzetmeter;1-szoba;tegla-epitesu/9729336,2019-10-21
9737329,32.0,1.0,Tégla,39900000.0,"3 az 1-ben! Tökéletes befektetés, ahol a modern stílus, és a belvárosi életérzés találkozik. A NYUGATI TÉRHEZ KÖZEL, FELÚJÍTOTT, EMELETI LAKÁSOK ELADÓK!!! AZ V. KERÜLETBEN, LIPÓTVÁROS kedvelt részén, kerültek kialakításra egy 30 m2-s, amerikai...",CDC Ingatlan IV.Ker. Szita Ingatlan Kft.,https://ingatlanok.hu/elado/lakas/budapest_v_ker/39-millio-ft;32-negyzetmeter;1-szoba;tegla-epitesu/9729336,2019-10-21
9352021,26.0,1.0,Tégla,28600000.0,"Budapest V. kerületének központi közkedvelt részén, ötemeletes téglaépítésű társasház 2. emeletén, 26nm-es lakás eladó.
Az ingatlan falai fiatalos, halvány színekre lettek festve.
Szobái magas kopásállóságú és jó állapotban lévő laminált...",GREAT HOME,https://ingatlanok.hu/elado/lakas/budapest_v_ker/39-millio-ft;32-negyzetmeter;1-szoba;tegla-epitesu/9729336,2019-10-21
9603730,33.0,1.0,Tégla,44300000.0,"EGYETEMISTÁK - BEFEKTETŐK- ELSŐ LAKÁSUKAT KERESŐK FIGYELEM!!!
Budapest 3 nagy egyetemének ( BME, Corvinus, ELTE ) közvetlen közelében kínálok eldásra egy igazi kis garzont, mely nem mellesleg gyönyörű PANORÁMÁVAL is meg van áldva!
A lakás...",,https://ingatlanok.hu/elado/lakas/budapest_v_ker/39-millio-ft;32-negyzetmeter;1-szoba;tegla-epitesu/9729336,2019-10-21
9618092,27.0,2.0,Tégla,22700000.0,"*** V. KERÜLETI, BELSŐUDVAROS LAKÁS ELADÓ A SZENT ISTVÁN KÖRÚTON ***
Eladásra kínálok egy, tulajdoni lap szerint 27m2, két szintes (13,5+13,5m2) felújítandó garzont. Elhelyezkedése a Nyugati tér és a Jászai Mari tér között , a körúton van....",OTP Ingatlanpont Szépvölgyi út,https://ingatlanok.hu/elado/lakas/budapest_v_ker/39-millio-ft;32-negyzetmeter;1-szoba;tegla-epitesu/9729336,2019-10-21
9737873,32.0,1.0,Tégla,39900000.0,"3 az 1-ben! Tökéletes befektetés, ahol a modern stílus, és a belvárosi életérzés találkozik. A NYUGATI TÉRHEZ KÖZEL, FELÚJÍTOTT, EMELETI LAKÁSOK ELADÓK!!! AZ V. KERÜLETBEN, ÚJ LIPÓTVÁROS kedvelt részén, kerültek kialakításra egy 30 m2-s, amerikai...",CDC Báthory,https://ingatlanok.hu/elado/lakas/budapest_v_ker/39-millio-ft;32-negyzetmeter;1-szoba;tegla-epitesu/9729336,2019-10-21
